cluster,condition,autoimmune_or,autoimmune_fdr,cluster_size,in_cluster_in_disease,intersecting_genes
89,Stim8hr,3.0405225358384027,5.049627361075314e-06,100,41.0,"['TMEM50A', 'ATP8B4', 'PHLDA1', 'TYMP', 'UBASH3B', 'TRAT1', 'P4HA2', 'GRAMD1B', 'CRIM1', 'DOT1L', 'IGSF9B', 'STAT1', 'GPR183', 'FYB1', 'SMAD3', 'GZMB', 'KLF3', 'AHI1', 'CSF2', 'ALPK1', 'ADGRG5', 'RASA3', 'GATA3', 'FUT8', 'EDARADD', 'ITPR1', 'CALHM6', 'SF3A3', 'PRPF40A', 'SEPTIN9', 'VEGFB', 'PTGIR', 'JARID2', 'ATP8B2', 'IFI30', 'NLRC5', 'IL7R', 'ADA2', 'CDK6', 'MYB', 'ORMDL3']"
59,Stim8hr,2.5486606624519657,0.0003376196063936,100,37.0,"['RRAS2', 'IRF8', 'DUSP16', 'S1PR4', 'FAS', 'TIAM1', 'NPEPPS', 'MICOS10', 'DUSP5', 'BACH2', 'SPATS2L', 'REL', 'CTLA4', 'STING1', 'CXCR4', 'NCALD', 'IL10', 'CHD3', 'ANXA4', 'FAR1', 'ASXL1', 'FOSL2', 'GPR174', 'ACVR2A', 'CD47', 'MBNL1', 'GLS', 'DPP4', 'KIF7', 'RASGRP1', 'PDE4D', 'PRDM1', 'F5', 'IFI30', 'REXO2', 'CD28', 'NRN1']"
54,Stim48hr,2.319638527411937,0.0020286262851211,100,36.0,"['PRKCB', 'CCDC6', 'DST', 'SLC44A2', 'BATF3', 'P4HA2', 'CPPED1', 'MGAT5', 'CADM1', 'DRAM1', 'SLC12A7', 'CTLA4', 'TSPAN3', 'ACTN1', 'RASA3', 'IL10', 'CD44', 'SAMHD1', 'ANXA3', 'CDYL2', 'IFITM2', 'IKZF1', 'FOSL2', 'SUCLG2', 'NFKBIZ', 'ELMO1', 'ADPRH', 'JAM2', 'SEPTIN9', 'KCNQ1', 'MBD2', 'ZC3H12C', 'MEAK7', 'ETS1', 'CD28', 'ELOVL4']"
89,Stim48hr,2.215699944824585,0.0025041253686853,100,35.0,"['LRRC32', 'ATP8B4', 'KIF21B', 'BCL2L11', 'NFKBIA', 'SATB1', 'STAP1', 'STAT1', 'ANXA2', 'GZMB', 'DDX6', 'SPEF2', 'CSF2', 'AGPAT4', 'CLEC2D', 'TP53INP1', 'RASA3', 'CXCR4', 'PHF12', 'CYRIB', 'FUT8', 'PSAT1', 'ARSB', 'CDC42EP3', 'SAT1', 'CALHM6', 'PSMB9', 'ARID5B', 'SYNE2', 'CCR2', 'MBNL1', 'JAK2', 'GADD45G', 'NLRC5', 'IL7R']"
100,Stim8hr,2.22189572669999,0.0025247850560383,100,34.0,"['IRF8', 'RCC1', 'IL21R', 'GNB2', 'ADGRE5', 'APPL1', 'UFM1', 'ADO', 'BACH2', 'CRY1', 'VSIR', 'RNF19A', 'BCL6', 'REL', 'EGR2', 'CSF2', 'CSK', 'NR3C1', 'TRAF1', 'AGO2', 'SAMHD1', 'IL18RAP', 'HCFC1', 'GNG4', 'CD200', 'CD226', 'FYN', 'HIVEP3', 'CD47', 'PIM3', 'PTPN22', 'RCAN1', 'ETS1', 'ZEB2']"
79,Stim8hr,2.1200334683348845,0.0029353764612172,100,33.0,"['SH2B3', 'IRF8', 'TNIP2', 'PDE4A', 'CYLD', 'CIITA', 'FOXO1', 'CTLA4', 'SBF2', 'UBE2E3', 'STING1', 'ADGRG5', 'RYBP', 'STAT4', 'TNFAIP8', 'JADE2', 'P2RY10', 'LRBA', 'GPR174', 'TRIB2', 'IKBKE', 'CAMK4', 'PTGIR', 'TCF7', 'TET2', 'SESN1', 'PDE7A', 'CD28', 'CD83', 'IFNG', 'AEBP2', 'TYMP', 'PTP4A3']"
38,Stim8hr,2.22189572669999,0.0050495701120767,100,34.0,"['PHLDA1', 'IL21R', 'AGPAT2', 'NCK2', 'GSE1', 'PDE4A', 'SELL', 'CD69', 'AHI1', 'MUC1', 'MBIP', 'ANXA11', 'NR3C1', 'ACTN1', 'RNF145', 'RASSF3', 'SLC43A3', 'LEF1', 'TNFAIP8', 'NEK6', 'APBB1IP', 'FKBP5', 'ZBTB21', 'FYN', 'STMN3', 'STAT5B', 'GNG2', 'PKIA', 'ITGAL', 'PRDM1', 'CCR5', 'GRAP2', 'TMEM131L', 'IL7R']"
83,Stim8hr,2.021439107753168,0.0061691997472328,100,32.0,"['CBLB', 'IRF8', 'TNFAIP3', 'IL21R', 'ADGRE5', 'ADAT2', 'FEN1', 'ZMAT3', 'DUSP5', 'STAT3', 'ANK3', 'RNF19A', 'CD69', 'EGR2', 'CSK', 'TMSB4X', 'CD109', 'ACTB', 'CD44', 'NR4A3', 'C12orf75', 'HCFC1', 'IL13', 'CDC42EP3', 'FADS2', 'PTPN22', 'KLF6', 'JARID2', 'F5', 'NDFIP1', 'IL7R', 'ZEB2']"
38,Rest,2.097504273428922,0.006833151570421,100,33.0,"['CTSH', 'IL21R', 'GSE1', 'PIK3R1', 'CD6', 'TRAT1', 'SATB1', 'PTGER4', 'FYB1', 'SELL', 'ITM2A', 'PREX1', 'RASSF3', 'CHD3', 'PLD3', 'LEF1', 'ETS2', 'TMEM71', 'IL12RB2', 'FKBP5', 'PRR5L', 'STMN3', 'DARS1', 'VMP1', 'GNG2', 'ATP5MG', 'KLF6', 'ETS1', 'PDE7A', 'LMAN1', 'CD28', 'TPP2', 'IGSF9B']"
93,Stim48hr,2.017976402211339,0.0124057628623892,100,33.0,"['IL2RA', 'STK17B', 'TIAM1', 'CTH', 'LAG3', 'OAS1', 'STAT1', 'FYB1', 'SMAD3', 'IRF1', 'OAS3', 'ALOX5AP', 'CTLA4', 'STING1', 'ODC1', 'IL18R1', 'NCALD', 'NDUFV2', 'LTA', 'MX1', 'ARL4C', 'KIF2A', 'C12orf75', 'PSAT1', 'IFITM2', 'LMNA', 'FADS2', 'SYNE2', 'GRAP2', 'MAF', 'IL7R', 'ADA2', 'TYMP']"
94,Stim8hr,1.9782959715373245,0.0183968397974046,95,30.0,"['CD40LG', 'TNFSF8', 'BCL2L11', 'PGS1', 'ERAP1', 'NCLN', 'DMAC1', 'KLF3', 'TGFBR3', 'CSF2', 'CD109', 'IL2', 'RSRP1', 'EOMES', 'CXCR4', 'CDC37', 'LTA', 'MAST4', 'KMT2A', 'CUTA', 'PSAT1', 'CD200', 'SAT1', 'PSMB9', 'PNKD', 'DPP4', 'SOCS3', 'TCF7', 'RBM33', 'FASLG']"
80,Stim48hr,1.9238899201539068,0.0239248276420849,100,32.0,"['CTSH', 'ITGAM', 'FAS', 'PPP2R5C', 'CD6', 'CEP128', 'STAT1', 'PDK1', 'DOCK9', 'CD69', 'KLF3', 'CSF2', 'CLEC2D', 'TP53INP1', 'ACTN1', 'RIN3', 'LTA', 'FUT8', 'EDARADD', 'ZFP36L2', 'NFKBIZ', 'TMEM71', 'ARID5B', 'SYNE2', 'SEPTIN9', 'TBX21', 'CCR2', 'PXYLP1', 'MAPK1', 'HDAC7', 'PDIA3', 'SHISA2']"
110,Stim8hr,4.214698621779831,0.0248566350974764,12,6.0,"['MAP3K8', 'EAF2', 'EGR2', 'NFKBIA', 'IQCN', 'ADO']"
46,Stim8hr,1.8334886579123972,0.0252758754865612,100,30.0,"['CBLB', 'SEH1L', 'NCK2', 'RNASET2', 'KCTD20', 'ACTR2', 'UBL3', 'FOXO1', 'HDAC4', 'MLKL', 'WDR36', 'PSD3', 'ARPC2', 'GALC', 'ARHGAP15', 'TRABD2A', 'ARSB', 'FOSL2', 'ABTB3', 'CA11', 'C8orf33', 'HIVEP2', 'HECW2', 'INPP5A', 'MBD2', 'DENND3', 'SP140L', 'ATP2A2', 'JAK2', 'F5']"
64,Stim8hr,1.9259692387851357,0.0255276178239784,100,31.0,"['CBLB', 'TNFAIP3', 'RCC1', 'ADGRE5', 'CDKN3', 'HIF1A', 'UFM1', 'NUDT1', 'KIF11', 'IGF1R', 'FEN1', 'DUSP5', 'PCMTD1', 'PTGER4', 'CD69', 'CSK', 'NR3C1', 'TRAF1', 'ELF1', 'IL10', 'CD44', 'TNFAIP8', 'ZBTB21', 'CCR2', 'BHLHE40', 'MFSD6', 'PTPN22', 'SENP6', 'JARID2', 'HDGF', 'UBLCP1']"
88,Stim48hr,1.6591010514938052,0.046223759924605,100,29.0,"['TRIM22', 'CD6', 'ZMAT3', 'DUSP5', 'SATB1', 'PSMG1', 'STAT3', 'PCMTD1', 'TNFSF11', 'MYO3B', 'ACTN1', 'IL2', 'CXCR4', 'LITAF', 'APEH', 'RYBP', 'C12orf75', 'PSAT1', 'LEF1', 'CDKN1A', 'SYPL1', 'CD226', 'FADS2', 'RBM33', 'ATP2A2', 'SESN1', 'MCL1', 'IL13', 'MYB']"
22,Stim48hr,1.9238899201539068,0.0478496552841698,100,32.0,"['IL2RA', 'TRIM22', 'STK17B', 'TIAM1', 'LAG3', 'STAT1', 'FYB1', 'IRF1', 'OAS3', 'CTLA4', 'ICOS', 'NCALD', 'MCM6', 'NDUFV2', 'SAMHD1', 'MX1', 'ARL4C', 'GSDMB', 'KIF2A', 'PSAT1', 'GNL3', 'SYNE2', 'METAP2', 'SOCS3', 'TUFM', 'CDC42SE2', 'MCL1', 'NLRC5', 'IL13', 'ADA2', 'TYMP', 'ORMDL3']"
91,Stim8hr,1.9259692387851357,0.0510694929224148,100,31.0,"['CBLB', 'TNFAIP3', 'RCC1', 'PHLDA1', 'ADGRE5', 'FAS', 'TNFSF8', 'UFM1', 'ZMAT3', 'BACH2', 'LCP1', 'RNF19A', 'CIT', 'AGO2', 'ACTB', 'CD44', 'C12orf75', 'RRM1', 'CDKN1A', 'CDC42EP3', 'FOXP1', 'FADS2', 'STAT5B', 'PHF19', 'ATP2A2', 'SESN1', 'MKI67', 'IFI30', 'AEN', 'TRIM22', 'SMC4']"
88,Stim8hr,1.9259692387851357,0.0510694929224148,100,31.0,"['CBLB', 'TNFAIP3', 'UFM1', 'ADAT2', 'KIF11', 'NFKBIA', 'FEN1', 'DUSP5', 'VSIR', 'RNF19A', 'CD69', 'BIRC5', 'AGO2', 'CD44', 'TPGS2', 'C12orf75', 'RRM1', 'TNFAIP8', 'CDC42EP3', 'CD226', 'FOXP1', 'HIVEP3', 'PIM3', 'TGIF1', 'PHF19', 'JARID2', 'PKIA', 'MKI67', 'F5', 'NDFIP1', 'SMC4']"
82,Stim48hr,1.7445784093708658,0.059612988231096,100,30.0,"['IL2RA', 'PHLDA1', 'IL21R', 'STK17B', 'CD40LG', 'CD6', 'EZR', 'GRAMD1B', 'CRIM1', 'STAP1', 'PIK3CB', 'CSF2', 'RNF144A', 'GATA3', 'THYN1', 'CD44', 'STAT4', 'CCR1', 'TMEM71', 'PSMB9', 'GCA', 'CCR2', 'GLUL', 'MBD2', 'ANXA1', 'TNIP3', 'ABI1', 'ADA2', 'IGSF9B', 'AGTPBP1']"
84,Stim8hr,1.6569921415252102,0.0693000528694319,100,28.0,"['TNFAIP3', 'PHLDA1', 'ADGRE5', 'FAS', 'UFM1', 'NUDT1', 'KIF11', 'FEN1', 'ZMAT3', 'DUSP5', 'BACH2', 'ANK3', 'RNF19A', 'TRAF1', 'AGO2', 'ACTB', 'CD44', 'TPGS2', 'C12orf75', 'CDKN1A', 'KLF10', 'HIVEP3', 'JARID2', 'SESN1', 'MKI67', 'AEN', 'TRIB1', 'TRIM22']"
59,Stim48hr,1.8328005312207287,0.0836906179943831,100,31.0,"['ATP8B4', 'BCL2L11', 'NPEPPS', 'MICOS10', 'DUSP5', 'STAT3', 'SPATS2L', 'PSMG1', 'CISD3', 'RNF19A', 'CD69', 'LYST', 'CTLA4', 'ADAM15', 'TRAFD1', 'TP53INP1', 'ODC1', 'NCALD', 'RYBP', 'CREM', 'CD5', 'PSD4', 'MBNL1', 'DPP4', 'RBM33', 'THEMIS', 'F5', 'CD28', 'FOXP3', 'ZNF800', 'IGSF9B']"
86,Stim48hr,1.4959242200659115,0.0842684850456712,100,27.0,"['ACTA2', 'IL2RA', 'TNFAIP3', 'TRIM22', 'IL21R', 'FAS', 'ZMAT3', 'TMBIM1', 'DRAM1', 'SLC39A8', 'TAGAP', 'CXCR4', 'RBM17', 'RYBP', 'C12orf75', 'CDKN1A', 'ITPR1', 'FADS2', 'CREM', 'DARS1', 'CDKN2C', 'ETS1', 'AEN', 'PDIA3', 'AEBP2', 'FADS1', 'MYB']"
90,Stim8hr,1.491011197630244,0.1101815579342551,100,26.0,"['IRF8', 'GSE1', 'BCL2L11', 'GPR18', 'LRRC58', 'PHC1', 'FYB1', 'STIM1', 'AHI1', 'ANXA11', 'ODC1', 'IL10', 'TESPA1', 'ZNF704', 'SLC43A3', 'HNRNPAB', 'HPSE', 'GPR174', 'M6PR', 'NEK6', 'JUND', 'IRF4', 'TCF7', 'SESN1', 'CD28', 'TRIM22']"
87,Stim8hr,1.6569921415252102,0.1155000881157199,100,28.0,"['CBLB', 'TNFAIP3', 'RCC1', 'PHLDA1', 'ADGRE5', 'FEN1', 'ZMAT3', 'DUSP5', 'PSMG1', 'NUP205', 'CARMIL2', 'SLA', 'AKAP13', 'CDKN1A', 'TNFAIP8', 'HNRNPAB', 'CD226', 'AGK', 'PTPN22', 'TGIF1', 'JARID2', 'SPATA13', 'TRIB1', 'FASLG', 'LBH', 'ZEB2', 'UBLCP1', 'MIF']"
21,Rest,1.8125660735119984,0.1174473665804639,100,30.0,"['CDCA7', 'GSE1', 'SNRPC', 'FEN1', 'GRINA', 'PCMTD1', 'DUSP22', 'UBE2H', 'SLC12A7', 'CSF2', 'SP110', 'TRAFD1', 'IL2', 'CXCR4', 'GALC', 'SLC43A3', 'C12orf75', 'IFITM2', 'STAT4', 'SYNE2', 'MBD2', 'KLF6', 'JAK2', 'EIF4H', 'GINS2', 'IFNG', 'TOMM22', 'ADA2', 'TYMP', 'MYB']"
78,Rest,1.4724528256082936,0.122681363764328,100,26.0,"['PRKCB', 'PGAP3', 'MSRA', 'BCL2L11', 'GPR18', 'CD247', 'TRAT1', 'RNASET2', 'SATB1', 'CYLD', 'TSPAN18', 'SPNS3', 'B3GNT2', 'IDUA', 'NCOR2', 'CTSW', 'RNF145', 'IKZF1', 'LGALS9', 'PRDX6', 'CD244', 'TNFRSF14', 'FAM13A', 'PTPN22', 'IKZF2', 'REXO2']"
94,Stim48hr,1.4959242200659115,0.1324219050717691,100,27.0,"['IL2RA', 'PHLDA1', 'CD40LG', 'STAT1', 'STAT3', 'STIM1', 'CSF2', 'ALPK1', 'CD80', 'TP53INP1', 'CEMIP2', 'FGFR1', 'GATA3', 'VOPP1', 'LTA', 'LEF1', 'NARF', 'PSMB9', 'SYNE2', 'MAPK8', 'DPP4', 'SOCS3', 'KLF6', 'PDE4D', 'MCL1', 'IFNG', 'IL13']"
35,Stim48hr,1.4959242200659115,0.1374016880412281,100,27.0,"['CTSH', 'ST6GAL1', 'CEBPB', 'DNMT3A', 'CPPED1', 'FADS1', 'IL23R', 'EPAS1', 'RALBP1', 'RORC', 'ZC2HC1A', 'CD80', 'ATP10A', 'RASA3', 'TRABD2A', 'RIPK2', 'ABTB3', 'FADS2', 'FKBP5', 'PTPRK', 'CCR6', 'INPP5A', 'RGS1', 'RORA', 'CASP10', 'UST', 'USP12']"
25,Stim8hr,1.491011197630244,0.1448631881674471,100,26.0,"['APOBR', 'TRAT1', 'SMAD3', 'SP110', 'PAN3', 'ATXN1', 'GATA3', 'SMAD2', 'LAT2', 'ARL4C', 'CUTA', 'SKAP1', 'FOSL2', 'RIPK2', 'CCR1', 'APBB1IP', 'CSF2RB', 'CA11', 'FRMD4B', 'AGK', 'DOCK5', 'STAT5B', 'GNG2', 'PATJ', 'SP140L', 'IL7R']"
77,Stim8hr,1.5727418489379588,0.1498940557243038,100,27.0,"['PRKCB', 'PITPNM2', 'TNFSF8', 'SATB1', 'OAS3', 'ZFP91', 'CISD1', 'ATP2C1', 'SMAD2', 'SLC43A3', 'FOSL2', 'ERN1', 'ABTB3', 'CA11', 'METAP2', 'FRMD4B', 'BHLHE40', 'PDE7B', 'PATJ', 'KLF6', 'ATP2A2', 'PDE4D', 'ETS1', 'NDFIP1', 'HDGF', 'IRF7', 'CARD11']"
8,Stim48hr,1.4180119825861357,0.1630708735535403,100,26.0,"['IL2RA', 'TNFAIP3', 'BATF3', 'CTH', 'ZMAT3', 'SATB1', 'PSMG1', 'STAT3', 'PHGDH', 'CLEC2D', 'CXCR4', 'PFKFB3', 'RYBP', 'YTHDC1', 'PSAT1', 'HCFC1', 'CDKN1A', 'FOSL2', 'CD47', 'PGD', 'SOCS3', 'TET2', 'PXK', 'CD3E', 'CD28', 'PDIA3']"
34,Stim48hr,1.4180119825861357,0.1630708735535403,100,26.0,"['IL2RA', 'TNFAIP3', 'BATF3', 'CTH', 'ZMAT3', 'SATB1', 'PSMG1', 'STAT3', 'SELL', 'PHGDH', 'CLEC2D', 'CXCR4', 'PFKFB3', 'PSAT1', 'HCFC1', 'CDKN1A', 'FOSL2', 'CCNC', 'CD47', 'PTPN1', 'SOCS3', 'TET2', 'PXK', 'CD3E', 'CD28', 'PDIA3']"
69,Rest,1.748567365510926,0.1653368300544566,44,13.0,"['ACTA2', 'SOCS1', 'PHLDA1', 'CISD3', 'BCL6', 'PTGIR', 'CDKN1A', 'SESN1', 'GPR18', 'HDGF', 'PSMB9', 'SATB1', 'NSUN6']"
27,Stim48hr,1.3424181576295586,0.1796290933566156,100,25.0,"['SLC44A2', 'STK17B', 'BATF3', 'FAM98B', 'KPNA4', 'DCTD', 'CTLA4', 'CLEC2D', 'CD44', 'ARL4C', 'IKZF1', 'HNRNPAB', 'ARID5B', 'CD47', 'CCR2', 'KIF1B', 'COPS8', 'MEAK7', 'RASGRP1', 'ETS1', 'STRAP', 'MAF', 'CD28', 'HDAC7', 'PRXL2C']"
93,Stim8hr,1.3347063547071325,0.1821998857188458,100,24.0,"['TMEM50A', 'IL2RA', 'TNFAIP3', 'STK17B', 'OAS1', 'ARHGAP45', 'FYB1', 'SMAD3', 'SLA', 'ADCY3', 'ARHGAP15', 'RBM17', 'SAMHD1', 'HNRNPAB', 'ACAP1', 'SEPTIN9', 'IL10RA', 'IRF4', 'IKBKE', 'TUFM', 'CDC42SE2', 'F5', 'NDFIP1', 'FASLG']"
96,Stim8hr,1.3347063547071325,0.1821998857188458,100,24.0,"['TNFAIP3', 'RCC1', 'PHLDA1', 'ADGRE5', 'UFM1', 'DUSP5', 'BACH2', 'PSMG1', 'SLAMF6', 'RNF19A', 'SLA', 'EGR2', 'CSK', 'AKAP13', 'AGO2', 'CD44', 'HCFC1', 'HNRNPAB', 'FYN', 'PTPN22', 'JARID2', 'TRIB1', 'LBH', 'ZEB2']"
30,Rest,1.4724528256082936,0.184022045646492,100,26.0,"['IL2RA', 'PHLDA1', 'ITGAM', 'S1PR4', 'LAG3', 'TRAT1', 'BMP2K', 'DOCK9', 'SLC12A7', 'KLF3', 'AHI1', 'CTLA4', 'SAMHD1', 'EDARADD', 'MAX', 'CD2', 'KLF2', 'CD47', 'MAD1L1', 'HK1', 'ZC3H12C', 'ATP8B2', 'RGS14', 'HDAC7', 'FASLG', 'ZEB2']"
74,Stim48hr,1.4959242200659115,0.197622644541854,100,27.0,"['STK24', 'FAS', 'METTL8', 'MICOS10', 'ZNRF1', 'SLC30A5', 'PDK1', 'TG', 'RTKN2', 'AKAP13', 'ICOS', 'CTSW', 'IL2', 'DAP', 'SH3BP5', 'STX4', 'L1CAM', 'CD244', 'ITPK1', 'GLUL', 'KCTD12', 'SNX5', 'IKZF2', 'CAPZB', 'STRAP', 'SBNO2', 'ICAM2']"
35,Stim8hr,1.491011197630244,0.1983268042816592,100,26.0,"['CTSH', 'CPPED1', 'PRPF3', 'ZNRF1', 'NUP205', 'CARMIL2', 'RORC', 'SP110', 'CD80', 'NR3C2', 'TMEM167A', 'RBM17', 'CUTA', 'SRSF4', 'TRABD2A', 'RIPK2', 'RAPGEF3', 'SRPK1', 'CA11', 'C1GALT1', 'INPP5A', 'DENND3', 'RORA', 'TET2', 'SP140L', 'ETS1']"
82,Rest,1.7332207070374983,0.2053917187092379,34,10.0,"['APOBR', 'UBAC2', 'STAT4', 'RAPGEF6', 'TNFSF8', 'JAK2', 'CCR5', 'CLEC2D', 'PRR5L', 'CCR2']"
19,Stim8hr,1.5727418489379588,0.2079047221574446,100,27.0,"['STK17B', 'PIK3R1', 'SETBP1', 'LAG3', 'DUSP5', 'BACH2', 'CYLD', 'KLF12', 'RCN1', 'SMAD3', 'SYNGAP1', 'L3MBTL3', 'STING1', 'GPX4', 'CEMIP2', 'SEC61G', 'ZFP36L2', 'ZAP70', 'ACVR2A', 'AAK1', 'GLUL', 'KIF1B', 'MBNL1', 'DPP4', 'CRYBG1', 'JAK2', 'IL13']"
95,Rest,1.7235164756472985,0.2120337181219176,100,29.0,"['PRKCB', 'ZFP90', 'ITGAM', 'TIAM1', 'CD40LG', 'FEN1', 'MPP7', 'DUSP5', 'RFX3', 'PHC1', 'FYB1', 'HIPK1', 'DLD', 'PREX1', 'CXCR4', 'NBL1', 'PPM1G', 'ITGA4', 'FUT8', 'STAT4', 'LMNA', 'SP3', 'TMEM71', 'M6PR', 'ACAP1', 'VEGFB', 'PATJ', 'BAZ2B', 'CCR5']"
98,Rest,1.5535715630688645,0.2332553681362801,100,27.0,"['YPEL3', 'CEBPB', 'STK17B', 'TRAT1', 'PDE4A', 'GRAMD1B', 'PSTPIP1', 'GALNT3', 'KLF3', 'CHMP4B', 'CX3CR1', 'KIAA0319L', 'CLEC2D', 'FGFR1', 'SOCS1', 'PPM1G', 'LTA', 'ITGA4', 'STARD10', 'STAT4', 'ABTB3', 'INPP5A', 'BHLHE40', 'IKZF3', 'TUFM', 'ICAM2', 'CARD11']"
10,Rest,1.3937642327415058,0.2466953134094756,100,25.0,"['MIDEAS', 'TNFSF8', 'SERTAD2', 'SPATS2L', 'TSPAN18', 'DUSP22', 'IAH1', 'PDK1', 'VSIR', 'PHTF1', 'ARL4C', 'STAT4', 'IKZF1', 'TBC1D5', 'CCNC', 'MAPK8', 'KLF2', 'SMIM14', 'MYC', 'ANXA1', 'ETS1', 'DNAJC5', 'MAML2', 'GPD2', 'TPP2']"
61,Stim8hr,1.411698228230678,0.2612550903410059,100,25.0,"['MAPKAPK5', 'ADAT2', 'NCOA5', 'ACTR2', 'CIITA', 'FOXO1', 'RTKN2', 'PEAK1', 'LSP1', 'RRP15', 'GFI1', 'CTSW', 'PNPO', 'MIER1', 'NARF', 'POMGNT2', 'FOXP1', 'APBB1IP', 'ZSWIM6', 'XPR1', 'IKZF2', 'JAK2', 'NDFIP1', 'PDE7A', 'GLRX3']"
85,Stim8hr,1.259944015395877,0.2726123039843565,100,23.0,"['LRRC32', 'IL2RA', 'CYLD', 'RBPJ', 'SLC39A8', 'CEP57', 'MAP3K14', 'AKAP11', 'PLEC', 'GATA3', 'SMAD2', 'SOCS1', 'TESPA1', 'MAST4', 'KIF2A', 'TXK', 'ITPR1', 'TNFRSF14', 'AFF1', 'IL10RA', 'TNK2', 'LMAN1', 'USP12']"
91,Stim48hr,1.3424181576295586,0.2778624917340029,100,25.0,"['YPEL3', 'CD6', 'CTH', 'BCL2L11', 'ZMAT3', 'SATB1', 'PSMG1', 'ZDHHC14', 'LYST', 'ITM2A', 'PHGDH', 'CXCR4', 'PSAT1', 'IKZF1', 'HSPA9', 'CDKN1A', 'CD2', 'JUND', 'TUFM', 'SESN1', 'MCL1', 'CDC42SE2', 'ZC3H15', 'SBNO2', 'TRIM22']"
105,Stim48hr,1.3424181576295586,0.317557133410289,100,25.0,"['PTPRC', 'ANKZF1', 'CASP8', 'SPATS2L', 'LRRC58', 'CD69', 'CLEC2D', 'IL2', 'CXCR4', 'NDUFV2', 'PFKFB3', 'ST8SIA4', 'ARID5B', 'FRMD4B', 'CD47', 'VMP1', 'SOCS3', 'MCL1', 'STRAP', 'HDAC7', 'IFNG', 'PDIA3', 'MTMR3', 'MIF', 'ORMDL3']"
82,Stim8hr,1.3711958849196124,0.3186692539121413,57,14.0,"['KRAS', 'IL2RA', 'TNFAIP3', 'PHLDA1', 'NCF4', 'PKIA', 'CD40LG', 'ERN1', 'LMO4', 'KLF10', 'ITGAX', 'IFNG', 'NLRC5', 'CARD11']"
74,Rest,1.3174084047922283,0.3227392250778593,100,24.0,"['KIAA0930', 'STK24', 'SIT1', 'ZBTB46', 'TEC', 'UBASH3B', 'TRAT1', 'RNASET2', 'PAPOLA', 'FOXO1', 'MAP4K2', 'CTSW', 'ST3GAL2', 'IKZF1', 'CD244', 'ITPK1', 'HK1', 'IKZF2', 'RGS14', 'ITPKB', 'NDFIP1', 'SKI', 'GRAP2', 'NAB1']"
69,Stim8hr,1.5727418489379588,0.3246459218860094,100,27.0,"['RCC1', 'IL21R', 'DUSP16', 'TNIP2', 'ADGRE5', 'SLAMF7', 'UFM1', 'GRAMD1B', 'ZMAT3', 'DUSP5', 'TMEM182', 'CSK', 'CXCR4', 'EOMES', 'TRAF1', 'IL10', 'IFITM2', 'GNG4', 'ITPR1', 'BATF', 'PRDX5', 'ANXA6', 'MBD2', 'STAT5B', 'JARID2', 'SESN1', 'CD83']"
69,Stim48hr,1.5762527688085055,0.3293710742364235,100,28.0,"['PRKCB', 'PMAIP1', 'LRRC32', 'CEBPB', 'CD6', 'ZMAT3', 'SPATS2L', 'EPAS1', 'BCL6', 'SLC12A7', 'ITM2A', 'KIF2A', 'CUTA', 'C12orf75', 'IFITM2', 'IL13', 'ERN1', 'SNPH', 'ACAP1', 'CD226', 'MBD2', 'DENND3', 'COMMD6', 'PXK', 'ATP8B2', 'CD28', 'TRIM22', 'ICAM2']"
8,Stim8hr,1.3347063547071325,0.3412949221325221,100,24.0,"['CBLB', 'IL2RA', 'SDF2L1', 'FAS', 'STAT3', 'H3-3B', 'CHMP4B', 'CLEC2D', 'ODC1', 'XRCC2', 'AGO2', 'RYBP', 'NFKB1', 'IDI1', 'NEK6', 'SAT1', 'CHAF1B', 'FADS2', 'ZBTB21', 'SEPTIN9', 'PTPN1', 'REXO2', 'CD3E', 'AEBP2']"
51,Stim48hr,1.4180119825861357,0.3657939608699701,100,26.0,"['PMAIP1', 'SNRPC', 'MICOS10', 'STAT3', 'KLF12', 'ERAP1', 'PCMTD1', 'FYB1', 'DDX6', 'CEP57', 'CISD1', 'CLEC2D', 'PPM1G', 'ICAM3', 'IFITM2', 'SKAP1', 'ST3GAL1', 'LNPEP', 'PATJ', 'ITGAL', 'TUFM', 'MAPK1', 'MCL1', 'CD37', 'TOMM22', 'ADA2']"
44,Rest,1.243293030673884,0.3691789214611878,100,23.0,"['PRKCB', 'BCL2L11', 'GPR18', 'CD247', 'RNASET2', 'CYLD', 'TSPAN18', 'SPNS3', 'SLC12A7', 'B3GNT2', 'IDUA', 'CTSW', 'ADGRG5', 'ANXA4', 'MX1', 'ERN1', 'PRDX6', 'CD244', 'TNFRSF14', 'UBE2E1', 'PLCG2', 'NDFIP1', 'HS2ST1']"
89,Rest,1.637223245466845,0.3822098709843702,100,28.0,"['PLAC8', 'TRAT1', 'KIF11', 'FEN1', 'STAT1', 'IRF1', 'FMN1', 'TGFBR3', 'LSP1', 'AGPAT4', 'CD109', 'SAMHD1', 'C12orf75', 'TLR1', 'P2RY10', 'PSMB9', 'CALHM6', 'IL12RB2', 'SYNE2', 'CCR2', 'MBD2', 'NDC80', 'MKI67', 'IFI30', 'IL7R', 'SMC4', 'TYMP', 'ORMDL3']"
27,Stim8hr,1.3347063547071325,0.3947664190574993,100,24.0,"['TNFSF8', 'BCL2L11', 'NUDT1', 'ADAT2', 'IDUA', 'L3MBTL3', 'BIRC5', 'CIP2A', 'PTTG1', 'CD44', 'C12orf75', 'IKZF1', 'RRM1', 'FOXP1', 'HIVEP2', 'CD47', 'JAK2', 'HMGN1', 'ARAP2', 'F5', 'ETFA', 'CD28', 'TRIM22', 'SMC4']"
79,Stim48hr,1.4959242200659115,0.394830910067846,100,27.0,"['HBS1L', 'PLAC8', 'CTH', 'SHISA2', 'PDE4A', 'STAT1', 'ITM2A', 'IL18R1', 'NCALD', 'NDUFV2', 'MX1', 'PSAT1', 'IFITM2', 'HSPA9', 'LMNA', 'P2RY10', 'GPR174', 'TNFRSF14', 'LNPEP', 'CDKN2C', 'PTGIR', 'SLC7A1', 'MAPK1', 'LMAN1', 'CD28', 'USP18', 'PTP4A3']"
100,Stim48hr,1.26905000691321,0.4027268579961816,100,24.0,"['AFAP1', 'ST6GAL1', 'PSMG1', 'STAT3', 'SPNS3', 'VSIR', 'RNF19A', 'LYST', 'TMPRSS3', 'PHGDH', 'PLEC', 'TRAF1', 'RYBP', 'C12orf75', 'PSAT1', 'GNG4', 'CD226', 'FADS2', 'JUND', 'HIVEP3', 'CCR2', 'ANXA6', 'PTGIR', 'ETS1']"
54,Rest,1.243293030673884,0.410198801623542,100,23.0,"['S1PR4', 'TNFSF8', 'ARHGAP45', 'STK38', 'TSPAN18', 'HDAC4', 'PARK7', 'GPX4', 'TAGAP', 'RASA3', 'RASSF3', 'SAMHD1', 'C12orf75', 'CDYL2', 'TXK', 'MBD2', 'PGD', 'ATP8B2', 'ATP2A2', 'ETS1', 'TRIM22', 'PPIF', 'ICAM2']"
95,Stim8hr,1.1873243508645963,0.4271891886009806,100,22.0,"['CBLB', 'IRF8', 'CDC73', 'SLAMF7', 'TIAM1', 'BACH2', 'STAT3', 'PTGER4', 'STING1', 'CEMIP2', 'NCALD', 'IL10', 'ASXL1', 'NFKB1', 'GPR174', 'SYNE2', 'EAF2', 'MARCHF7', 'JAK2', 'CCR5', 'GINS2', 'IL13']"
85,Stim48hr,1.3424181576295586,0.4460124130687477,100,25.0,"['TNFRSF11A', 'PTPRC', 'AGPAT2', 'FAS', 'HIF1A', 'TNFSF14', 'DOCK10', 'SMAD3', 'CISD3', 'CAST', 'ALOX5AP', 'GLG1', 'ODC1', 'ACTN1', 'ADCY3', 'SMAD2', 'JAK1', 'MAST4', 'ARL4C', 'CD2', 'DENND3', 'DPP4', 'IRF4', 'CAPZB', 'SESN1']"
61,Rest,1.3174084047922283,0.4531205798697648,100,24.0,"['KIAA0930', 'SIT1', 'TEC', 'TRAT1', 'RNASET2', 'PSTPIP1', 'SPNS3', 'NCOR2', 'CTSW', 'DNAJB6', 'PCSK7', 'ST3GAL2', 'NFKBIE', 'IKZF1', 'CD244', 'APBB1IP', 'SMAP1', 'IKZF2', 'RGS14', 'ITPKB', 'GRAP2', 'REXO2', 'TRIB1', 'NAB1']"
107,Stim8hr,1.3484375135436193,0.4555344982863754,66,16.0,"['IL2RA', 'PTPN22', 'YPEL3', 'HCLS1', 'TRIM22', 'KIF2A', 'PHLDA1', 'STK17B', 'CDKN1A', 'CDC42SE2', 'CCR5', 'TMSB4X', 'AGPAT4', 'CD80', 'FADS2', 'RSRP1']"
26,Stim8hr,1.3347063547071325,0.4692805179322179,100,24.0,"['IL2RA', 'E2F8', 'SGO1', 'AMD1', 'ADAT2', 'CRIM1', 'FEN1', 'ZDHHC14', 'CTLA4', 'WDR36', 'BIRC5', 'CCDC91', 'EOMES', 'IL10', 'LRBA', 'ABTB3', 'SRPK1', 'FOXP1', 'ACTR1A', 'ATP5MG', 'TGIF1', 'MKI67', 'CCR5', 'SMC4']"
67,Rest,2.4845727256336785,0.4752389449496826,8,3.0,"['NFKBIZ', 'LRIG2', 'GADD45G']"
111,Stim48hr,1.1978196174537596,0.4834796916957759,100,23.0,"['SNRPC', 'NFKBIA', 'PSMG1', 'STAT3', 'ACTR2', 'MUC1', 'ACTR1B', 'TAGAP', 'CXCR4', 'RYBP', 'CUTA', 'PSAT1', 'TNIP1', 'GLUD1', 'CD226', 'VKORC1', 'TNFRSF14', 'VEGFB', 'IL10RA', 'TUFM', 'PSMB6', 'TOMM22', 'IGSF9B']"
31,Stim48hr,1.26905000691321,0.4915419699078073,100,24.0,"['ATP8B4', 'PITPNM2', 'KIF21B', 'CD40LG', 'SERTAD2', 'OAS1', 'IFNAR2', 'OAS3', 'TGFBR3', 'PREX1', 'CLEC2D', 'ANXA11', 'GPX4', 'VEGFA', 'SOCS1', 'PSAT1', 'CD2', 'TNFRSF14', 'FNIP1', 'SYNE2', 'NFATC2', 'UBE2V2', 'PXK', 'CD37']"
60,Rest,1.4724528256082936,0.5023610146606422,100,26.0,"['PHLDA1', 'DOCK10', 'TRAT1', 'LAG3', 'BMP2K', 'DOCK9', 'RBPJ', 'AHI1', 'CTLA4', 'CD109', 'RASSF3', 'SH3BP5', 'EDARADD', 'MAX', 'NFATC1', 'CD2', 'SEPTIN9', 'KLF2', 'CD47', 'MAD1L1', 'CLUAP1', 'ATP8B2', 'RGS14', 'GRAP2', 'FASLG', 'PDCD1']"
34,Stim8hr,1.259944015395877,0.5206889698269422,100,23.0,"['CBLB', 'SDF2L1', 'KIF21B', 'STAT3', 'H3-3B', 'CLEC2D', 'ODC1', 'AGO2', 'RYBP', 'NFKB1', 'IDI1', 'NEK6', 'SAT1', 'CHAF1B', 'FADS2', 'ZBTB21', 'JUND', 'SEPTIN9', 'PTPN1', 'REXO2', 'CD3E', 'PPIF', 'AEBP2']"
74,Stim8hr,1.2433124347041995,0.5207905986500564,101,23.0,"['MAPKAPK5', 'ADAT2', 'IQSEC1', 'SLAMF6', 'RTKN2', 'PEAK1', 'GFI1', 'CTSW', 'PNPO', 'CD109', 'TESPA1', 'NARF', 'ITPK1', 'POMGNT2', 'FOXP1', 'ZSWIM6', 'XPR1', 'IKZF2', 'P2RY11', 'JAK2', 'THAP12', 'NDFIP1', 'PDE7A']"
27,Rest,1.243293030673884,0.5273984592302683,100,23.0,"['SLC44A2', 'TNFSF8', 'SATB1', 'STK38', 'PCMTD1', 'TRANK1', 'RASA3', 'RASSF3', 'RBM17', 'SAMHD1', 'TXK', 'ERN1', 'HNRNPAB', 'ARID5B', 'MBD2', 'ILF3', 'PRKCQ', 'IL10RA', 'ATP2A2', 'HMGN1', 'ETS1', 'CD37', 'TRIM22']"
97,Stim48hr,1.199415982489706,0.5314022598279134,52,12.0,"['IRF8', 'IL2RA', 'RBM17', 'RERE', 'SMYD2', 'CD247', 'CD2', 'TMEM71', 'STRAP', 'ANXA11', 'NDUFAF2', 'STAT1']"
76,Stim8hr,1.1167649062668463,0.5315836820135443,100,21.0,"['IL21R', 'APPL1', 'TNFSF14', 'UFM1', 'KIF11', 'MGAT5', 'EIF1B', 'SOCS1', 'TRAF1', 'SPC24', 'LAT2', 'NABP1', 'SLC43A3', 'HCFC1', 'FAM98A', 'TNFAIP8', 'FOSL2', 'FADS2', 'FRMD4B', 'PHF19', 'ETS1']"
25,Rest,1.0335358950276998,0.5550509545612402,100,20.0,"['APOBR', 'BAK1', 'GNB2', 'EPHB1', 'LSP1', 'IL18R1', 'NBL1', 'RIN3', 'TESPA1', 'LAT2', 'ARL4C', 'CABIN1', 'FOXP1', 'ZMIZ1', 'CAMK4', 'PDE4D', 'SGF29', 'LMO4', 'IFI30', 'IL7R']"
26,Stim48hr,1.26905000691321,0.5734656315591085,100,24.0,"['SMURF1', 'IL2RA', 'HBS1L', 'PHLDA1', 'IL21R', 'GSE1', 'CD6', 'CEP128', 'LCP1', 'SELL', 'UBE2E3', 'CD80', 'CD109', 'CEMIP2', 'CDC37', 'VOPP1', 'LTA', 'FUT8', 'PSMB9', 'FKBP5', 'CDKN2C', 'SYTL2', 'SOCS3', 'CARD11']"
106,Stim48hr,1.12864359219222,0.586416317542133,100,22.0,"['PTPRC', 'PLAC8', 'CD6', 'MICOS10', 'STAT3', 'FYB1', 'SMAD3', 'CD69', 'ITM2A', 'CLEC2D', 'TP53INP1', 'ACTN1', 'IL2', 'ARHGAP15', 'C12orf75', 'CD5', 'SYNE2', 'SESN1', 'MCL1', 'MAPK1', 'IFNG', 'SHISA2']"
19,Stim48hr,1.4180119825861357,0.5909196231837262,100,26.0,"['RRAS2', 'ATP8B4', 'APOBR', 'STK17B', 'PIK3R1', 'IFNAR2', 'SPATS2L', 'SMAD3', 'GFI1', 'GPX4', 'ACTN1', 'CEMIP2', 'ODC1', 'CHD3', 'SIRPG', 'FAM53B', 'ZFP36L2', 'ETS2', 'LNPEP', 'KIF1B', 'MBD2', 'VEGFB', 'JARID2', 'CRYBG1', 'RCAN1', 'PPARG']"
111,Stim8hr,1.0348474636029794,0.591767021614699,101,20.0,"['IL2RA', 'ADGRE5', 'HIF1A', 'BATF3', 'TNFSF14', 'DNMT3A', 'NFKBIA', 'PEAK1', 'SLA', 'REL', 'EGR2', 'TESPA1', 'PRR5L', 'JUND', 'CD47', 'RGS1', 'IRF4', 'TNIP3', 'TNFRSF1A', 'CARD11']"
30,Stim48hr,1.1978196174537596,0.5935589534206233,100,23.0,"['ITGAM', 'FAS', 'BATF3', 'BMP2K', 'TRAT1', 'ZNRF1', 'PCMTD1', 'ICOS', 'NR3C1', 'IL2', 'PCSK7', 'HELZ2', 'AGO2', 'KMT2A', 'NFKB1', 'CDYL2', 'L1CAM', 'APBB1IP', 'FSCN1', 'DENND3', 'RGS1', 'THAP12', 'CD28']"
77,Rest,1.0335358950276998,0.5946974513156145,100,20.0,"['CBLB', 'CCNY', 'HINT1', 'SATB1', 'TSPAN18', 'UBL3', 'DDX6', 'CSK', 'KIAA0319L', 'RASA3', 'NDUFV2', 'IKZF1', 'ZNF33B', 'ABTB3', 'IRX3', 'PATJ', 'ALAS1', 'ETS1', 'GPD2', 'PGD']"
54,Stim8hr,1.0481873559947887,0.6212313572573169,100,20.0,"['PRKCB', 'TNFSF8', 'ADAT2', 'RPIA', 'FOXO1', 'DOCK9', 'ACTN1', 'TPGS2', 'C12orf75', 'CDYL2', 'IKZF1', 'FOSL2', 'CD47', 'EAF2', 'IRF4', 'JAK2', 'HMGN1', 'CD28', 'TMSB4X', 'TRAF3']"
60,Stim48hr,1.12864359219222,0.6275604340662156,100,22.0,"['SERTAD2', 'BMP2K', 'ZDHHC14', 'IRF1', 'FARP1', 'OAS3', 'KIAA0319L', 'PNPO', 'IL2', 'HELZ2', 'TRIM14', 'KMT2A', 'STARD10', 'SMYD2', 'FSCN1', 'METAP2', 'PTEN', 'DENND3', 'RGS1', 'SPTLC2', 'NEURL3', 'CD28']"
50,Stim8hr,0.9815172487392618,0.6460957820344201,100,19.0,"['SH2B3', 'PTPRC', 'KRAS', 'IL2RA', 'CCDC88B', 'RCN1', 'ACTN1', 'IFITM2', 'GPR174', 'PRR5L', 'LNPEP', 'BHLHE40', 'IRF4', 'IKBKE', 'TNIP3', 'F5', 'FOXP3', 'AEBP2', 'CD86']"
28,Stim8hr,1.1873243508645963,0.654343408698985,100,22.0,"['CDC73', 'NFKBIA', 'CRIM1', 'DOT1L', 'BACH2', 'HADH', 'LYST', 'KPNB1', 'CSK', 'ACTR1B', 'NRDC', 'AKAP11', 'TRAF1', 'FAF1', 'FUT8', 'IL18RAP', 'SEPTIN9', 'AGK', 'VMP1', 'MARCHF7', 'ETS1', 'ZRANB2']"
44,Stim48hr,1.4180119825861357,0.659509948245137,100,26.0,"['STK24', 'TICAM1', 'SIT1', 'TEC', 'CYLD', 'RCN1', 'SPNS3', 'GFI1', 'CTNNA1', 'CCDC34', 'GATA3', 'DAP', 'CEP43', 'SEC61G', 'SHC1', 'ERN1', 'IKBKB', 'ITPK1', 'ABTB3', 'RNASEH2B', 'TUBB3', 'SOX5', 'PLCG2', 'PTGIR', 'TUFM', 'GPD2']"
90,Rest,1.101437817250222,0.6621406626133935,100,21.0,"['CCDC6', 'SLC44A2', 'CDH23', 'PIK3R1', 'ZBTB7C', 'TRAT1', 'NOD2', 'KIAA1671', 'LMBRD1', 'PTGER4', 'MEGF6', 'SPRED2', 'PCSK7', 'RNF145', 'SOCS1', 'LMNA', 'DDR1', 'SNX20', 'WIPI2', 'CD28', 'EPHA4']"
83,Rest,1.101437817250222,0.6648198600853306,100,21.0,"['STK17B', 'TNFSF8', 'KIF11', 'FEN1', 'ZMAT3', 'SATB1', 'STAT3', 'VPS13C', 'CD80', 'CXCR4', 'C12orf75', 'PSAT1', 'ARID5B', 'ACAP1', 'BHLHE40', 'SYTL2', 'ITGAL', 'MKI67', 'NLRC5', 'TRIM22', 'AEBP2']"
9,Rest,0.9675497258064836,0.6708239888783996,100,19.0,"['TNFSF8', 'SERTAD2', 'SPATS2L', 'TSPAN18', 'VSIR', 'ACTN1', 'PHTF1', 'IKZF1', 'ADPRH', 'MAPK8', 'PPARGC1B', 'KLF2', 'MYC', 'ANXA1', 'ETS1', 'DNAJC5', 'MAML2', 'GPD2', 'TPP2']"
32,Stim48hr,1.0614427641155346,0.6784244919274782,100,21.0,"['ATP8B4', 'PITPNM2', 'KIF21B', 'OAS1', 'EIF2S2', 'OAS3', 'PREX1', 'ANXA11', 'GPX4', 'VEGFA', 'SOCS1', 'TESPA1', 'PSAT1', 'AAGAB', 'RAB39B', 'SYNE2', 'NFATC2', 'PXK', 'EIF4H', 'TUFM', 'CD37']"
44,Stim8hr,1.1873243508645963,0.6798732726769691,100,22.0,"['SH2B3', 'RWDD4', 'GSE1', 'DPF3', 'PRKCD', 'CARMIL2', 'GZMB', 'SLC12A7', 'TMOD3', 'GFI1', 'PARK7', 'CTSW', 'SMAD2', 'ANXA4', 'ERN1', 'IKBKB', 'CAMK2G', 'SP140L', 'FASTKD3', 'TMX1', 'LMO4', 'GPD2']"
31,Rest,1.3174084047922283,0.6922571309311604,100,24.0,"['ATP8B4', 'ITGAM', 'TIAM1', 'GZMB', 'STIM1', 'VPS13C', 'KLF3', 'IRS2', 'GFI1', 'PREX1', 'CX3CR1', 'RNF144A', 'GPX4', 'SOCS1', 'CD44', 'CUTA', 'FAM53B', 'CDKN1A', 'CDC42EP3', 'SYNE2', 'ANXA6', 'VEGFB', 'ATP8B2', 'CCR5']"
78,Stim8hr,0.9815172487392618,0.698137000568387,100,19.0,"['NCK2', 'IFNAR2', 'RTKN2', 'GFI1', 'ARID1A', 'NCOR2', 'CTSW', 'ETV3', 'RNF145', 'SMAD2', 'RBM17', 'RNF168', 'ERN1', 'IKBKB', 'GLUD1', 'FHL3', 'IKZF2', 'SP140L', 'FASTKD3']"
64,Stim48hr,1.12864359219222,0.713269805786885,100,22.0,"['PMAIP1', 'CD6', 'KIF11', 'ZMAT3', 'SATB1', 'LYST', 'ITM2A', 'CXCR4', 'PTTG1', 'KIF2A', 'C12orf75', 'PSAT1', 'CDKN1A', 'ZFP36L2', 'CD2', 'CD226', 'FADS2', 'CD5', 'SESN1', 'MCL1', 'AEN', 'TRIM22']"
87,Rest,1.1713305428953682,0.7145448537275555,100,22.0,"['PTPRC', 'SEH1L', 'FAS', 'CASP8', 'AMD1', 'OS9', 'FYB1', 'TP53INP1', 'GNL3', 'CDKN1A', 'CD2', 'WDR18', 'BHLHE40', 'MYC', 'SYTL2', 'ITGAL', 'RASGRP1', 'PRDM1', 'SESN1', 'TOMM22', 'ADA2', 'MIF']"
58,Rest,1.243293030673884,0.7383578429223756,100,23.0,"['ZFP90', 'SDF2L1', 'USP25', 'ARPC5', 'SLC48A1', 'CAST', 'BCL6', 'CHMP4B', 'PHGDH', 'PARK7', 'STING1', 'RNF144A', 'RASA3', 'RNF145', 'VEGFA', 'CDC37', 'ZFP36L2', 'M6PR', 'ACAP1', 'ATG16L2', 'SYTL2', 'MARCHF7', 'ACTR3']"
76,Stim48hr,1.0614427641155346,0.761198606447749,100,21.0,"['PMAIP1', 'TNFAIP3', 'UFM1', 'FEN1', 'STAT3', 'CSTF2T', 'ANXA2', 'CSK', 'SOCS1', 'SAMHD1', 'LAT2', 'RYBP', 'C12orf75', 'TNFAIP8', 'FADS2', 'RAB39B', 'ZBTB21', 'TXNL1', 'ZBTB10', 'LBH', 'RFK']"
9,Stim48hr,0.9961419318178818,0.7755441446113633,100,20.0,"['KIF21B', 'IRF2BP2', 'PREX1', 'TSPAN3', 'GPR65', 'NDUFV2', 'RBM17', 'ZFP36L2', 'CD2', 'EXTL2', 'PXK', 'IKZF3', 'PDE4D', 'ETS1', 'IFI30', 'GPD2', 'HDAC7', 'TPP2', 'CDK6', 'ORMDL3']"
78,Stim48hr,1.12864359219222,0.7810444811320023,100,22.0,"['STK24', 'RDH14', 'TICAM1', 'SIT1', 'PPIL3', 'PDK1', 'GFI1', 'SRP54', 'DAP', 'SMAD2', 'SEC61G', 'SHC1', 'CUTA', 'ERN1', 'IKBKB', 'ITPK1', 'NFKBIL1', 'RNASEH2B', 'PTGIR', 'IKZF2', 'SP140L', 'TMEM258']"
63,Rest,0.9034079290620468,0.7821461794915059,100,18.0,"['FAM171B', 'TRIB2', 'BHLHE40', 'ST8SIA4', 'SAMHD1', 'DPP4', 'ATP8B4', 'NFKB1', 'CDYL2', 'KLF3', 'TCF7', 'ETS1', 'PLXNA4', 'CD2', 'TRAT1', 'GRAMD1B', 'C8orf33', 'CD86']"
86,Stim8hr,1.1167649062668463,0.7827861819717183,100,21.0,"['CCNY', 'IL21R', 'ADGRE5', 'DOCK10', 'CCDC88B', 'DOT1L', 'DUSP5', 'STAT1', 'ACTR1B', 'IL2', 'PGRMC2', 'NCALD', 'TRAF1', 'ACTB', 'SAMHD1', 'CD200', 'FYN', 'CD47', 'ETS1', 'MAF', 'LMAN1']"
86,Rest,1.1713305428953682,0.8021768836593878,100,22.0,"['CDC73', 'ADGRE5', 'STK17B', 'TNFSF8', 'HINT1', 'CEP128', 'CXCR4', 'PLEC', 'SOCS1', 'CDK5RAP3', 'TNFAIP8', 'ERN1', 'ZFP36L2', 'SYNE2', 'ANXA1', 'NFATC2', 'SYTL2', 'FIBP', 'REXO2', 'TRAF3IP2', 'TPP2', 'TYMP']"
83,Stim48hr,1.2902050462067602,0.8047928899220099,41,10.0,"['NFATC2', 'LYST', 'MCL1', 'CD2', 'LAG3', 'NDFIP1', 'STING1', 'CCDC88B', 'SATB1', 'ANXA6']"
106,Stim8hr,0.9815172487392618,0.807619727543025,100,19.0,"['CBLB', 'UBE2E2', 'TIAM1', 'TNFSF8', 'KIF11', 'STAT1', 'PTGER4', 'RPIA', 'IRF1', 'BIRC5', 'EXOC2', 'C12orf75', 'NFKB1', 'FOXP1', 'KLF6', 'JAK2', 'CDC42SE2', 'NDC80', 'NLRC5']"
80,Rest,1.3937642327415058,0.8103618689881726,100,25.0,"['PPP2R5C', 'KIF21B', 'CASP8', 'RNASET2', 'PCMTD1', 'ANXA2', 'GZMB', 'DOCK9', 'CX3CR1', 'BIRC5', 'C12orf75', 'LEF1', 'LMNA', 'SYNE2', 'SEPTIN9', 'TBX21', 'CCR2', 'ANXA6', 'VEGFB', 'TCF7', 'ATP2A2', 'CDC42SE2', 'CCR5', 'NLRC5', 'ADA2']"
109,Rest,1.101437817250222,0.8112205987090273,100,21.0,"['TNFAIP3', 'ATP8B4', 'PLAC8', 'RSU1', 'LIME1', 'AHI1', 'PLXNA4', 'FUT8', 'OSBPL9', 'PLCL2', 'JADE2', 'CD2', 'PSMB9', 'RAB38', 'FAM13A', 'KLF2', 'TRIB2', 'AKT3', 'CEP170', 'ANKRD28', 'PRXL2C']"
51,Stim8hr,0.9166837712060996,0.8127485855334403,100,18.0,"['SOCS1', 'PPM1G', 'INPP5B', 'IL2RA', 'ITGAM', 'KLF6', 'IFITM2', 'SLC7A1', 'CDKN1A', 'LMNA', 'PHGDH', 'BATF', 'AEBP2', 'RNF144A', 'ADGRG5', 'SYNE2', 'STAT1', 'VEGFA']"
22,Stim8hr,0.9166837712060996,0.8127485855334403,100,18.0,"['ARHGAP15', 'MYC', 'IL2RA', 'SAMHD1', 'HCLS1', 'IRF4', 'IKBKE', 'CAST', 'STK17B', 'CAPZB', 'TUFM', 'HNRNPAB', 'CDC42SE2', 'TMEM71', 'WDR36', 'ACAP1', 'ODC1', 'SYNE2']"
38,Stim48hr,1.12864359219222,0.8224463210290951,100,22.0,"['GSE1', 'DPF3', 'RNF19A', 'NCF4', 'LSP1', 'ICOS', 'CD109', 'RASSF3', 'IL12RB2', 'APBB1IP', 'FYN', 'SEPTIN9', 'DOCK5', 'STAT5B', 'DENND3', 'IL10RA', 'GNG2', 'F5', 'IFI30', 'REXO2', 'ZC3H15', 'CD28']"
32,Stim8hr,0.8536195289087174,0.8248010255783113,100,17.0,"['SOCS1', 'HEATR3', 'FOXO1', 'TOMM22', 'DDX6', 'TUFM', 'CSK', 'PHF3', 'NEK6', 'YRDC', 'ANXA11', 'AEN', 'FNIP1', 'GPX4', 'ATAD3B', 'MAT2B', 'CD28']"
97,Stim8hr,1.4110211123706995,0.8300328062425167,96,24.0,"['TNFAIP3', 'ADGRE5', 'MECR', 'NFKBIA', 'NDUFAF2', 'DUSP5', 'SELL', 'CD69', 'CHMP4B', 'ADGRG5', 'RSRP1', 'SMAD2', 'KIF2A', 'STAT5B', 'PIM3', 'PIGH', 'HEATR3', 'CHCHD6', 'JARID2', 'PKIA', 'SESN1', 'AKT3', 'AEN', 'CD3E']"
36,Stim8hr,0.9815172487392618,0.8305885799934677,100,19.0,"['FAS', 'DUSP5', 'NEMP2', 'BACH2', 'SATB1', 'ZMYM2', 'KCTD20', 'CIITA', 'RNF19A', 'SLC12A7', 'CYP20A1', 'CHD3', 'THYN1', 'PSAT1', 'AFF1', 'RAVER1', 'MFSD6', 'RGS14', 'TNFRSF1A']"
50,Rest,1.3174084047922283,0.8341821599058247,100,24.0,"['ANKZF1', 'STAT1', 'ZDHHC14', 'SCO2', 'SCAF8', 'GZMB', 'SLC39A8', 'PREX1', 'MUC1', 'UBE2E3', 'RNF144A', 'ARPC2', 'CXCR4', 'NCALD', 'C12orf75', 'IFITM2', 'LMNA', 'M6PR', 'FADS2', 'TBX21', 'VEGFB', 'DPP4', 'PATJ', 'FADS1']"
35,Rest,0.9034079290620468,0.8370752161383909,100,18.0,"['GPR65', 'RIN3', 'ICE2', 'FRMD4B', 'CCNY', 'DENND3', 'RNF19A', 'PITPNM2', 'CLUAP1', 'IL4R', 'TGFB1', 'TNFSF14', 'DNMT3A', 'CCR5', 'TMEM258', 'CPPED1', 'ANKRD28', 'CCR6']"
61,Stim48hr,1.0614427641155346,0.8468979429176439,100,21.0,"['STK24', 'SIT1', 'PRKCD', 'IRF2BP2', 'ZNRF1', 'PPIL3', 'PDK1', 'RTKN2', 'PEAK1', 'TMPRSS3', 'CTSW', 'IL2', 'CD44', 'SHC1', 'CD244', 'ITPK1', 'SNX5', 'GNG2', 'IKZF2', 'NDFIP1', 'ICAM2']"
48,Stim48hr,1.12864359219222,0.8493724140283511,100,22.0,"['YPEL3', 'SNRPC', 'ZMAT3', 'DUSP5', 'SATB1', 'STAT3', 'GART', 'ITM2A', 'CISD1', 'CLEC2D', 'TP53INP1', 'CXCR4', 'RBM17', 'GSDMB', 'CCNC', 'ST3GAL1', 'FADS2', 'CD47', 'MCL1', 'CD3E', 'CD37', 'TRIM22']"
15,Rest,1.101437817250222,0.8523008098170832,100,21.0,"['ZFP90', 'SDF2L1', 'USP25', 'ZMYM2', 'ARPC5', 'SLC48A1', 'PARK7', 'STING1', 'RNF144A', 'NR3C1', 'RASA3', 'RNF145', 'M6PR', 'ACAP1', 'ATG16L2', 'SYTL2', 'ATP5MG', 'MARCHF7', 'CEP120', 'ACTR3', 'TOMM22']"
48,Rest,1.0335358950276998,0.8541801595745837,100,20.0,"['PPP2R5C', 'UFM1', 'NUDT1', 'KIF11', 'PCMTD1', 'BIRC5', 'RNF144A', 'NR3C1', 'CXCR4', 'RASA3', 'VEGFA', 'PTTG1', 'C12orf75', 'PSAT1', 'RRM1', 'PPP4R3B', 'FADS2', 'MYC', 'VEGFB', 'MKI67']"
46,Rest,1.0335358950276998,0.8545585887298841,100,20.0,"['ST6GAL1', 'TNIP2', 'PITPNM2', 'BACH2', 'SATB1', 'TSPAN18', 'PCMTD1', 'KDM4C', 'ARPC2', 'MYCBP2', 'RIN3', 'RUNX3', 'NDUFV2', 'XPA', 'CDK5RAP3', 'ABTB3', 'CA11', 'PRR5L', 'ITFG2', 'USP18']"
63,Stim8hr,1.259944015395877,0.8555677961773612,100,23.0,"['SEH1L', 'HBS1L', 'PHLDA1', 'ATP8B4', 'TGFB1', 'DOCK9', 'CSK', 'NR3C1', 'RASA3', 'ELF1', 'SAMHD1', 'CDYL2', 'HCFC1', 'FOSL2', 'TNFRSF14', 'WDR18', 'CD47', 'VEGFB', 'DPP4', 'TRIB1', 'TOMM22', 'PPARG', 'MIF']"
50,Stim48hr,0.8709578258023074,0.8571970271166669,100,18.0,"['VOPP1', 'RAB38', 'LNPEP', 'KLF6', 'PSMG1', 'PSAT1', 'IFITM2', 'DDX6', 'SLC7A1', 'ATXN10', 'TMEM71', 'SNRPC', 'ZC3HAV1L', 'CD226', 'CEMIP2', 'CXCR4', 'IGSF9B', 'STAT3']"
7,Stim48hr,0.810941861743171,0.8603020761421685,100,17.0,"['PHTF1', 'AZI2', 'CHD3', 'RBM17', 'VEGFB', 'RFC3', 'FAM76B', 'DRAM2', 'CAPZB', 'JAK2', 'LMNA', 'PARK7', 'SNRPC', 'IL12RB2', 'ZRANB2', 'SYNE2', 'USP25']"
19,Rest,1.3937642327415058,0.8634335969331648,100,25.0,"['RRAS2', 'ADGRE5', 'PPP2R5C', 'CASP8', 'SMAD7', 'STAT1', 'CYLD', 'KLF12', 'SPATS2L', 'PIK3CB', 'IMMP1L', 'TRIM14', 'AGO2', 'CHD3', 'CD44', 'SIRPG', 'RYBP', 'ACVR2A', 'GLUL', 'SYTL2', 'ZNF568', 'ARL6IP6', 'PHF2', 'GPD2', 'HDAC7']"
25,Stim48hr,0.9961419318178818,0.868771882020213,100,20.0,"['APOBR', 'MEX3C', 'HDAC8', 'SKAP1', 'CCR1', 'PSMB9', 'GLUD1', 'SRPK1', 'PPP2R2A', 'FSCN1', 'UBE2E1', 'ITGA1', 'PATJ', 'LMO4', 'TUFM', 'DHCR7', 'AEN', 'IL7R', 'USP12', 'NAB1']"
39,Stim48hr,0.7525601067608785,0.8786258086168809,100,16.0,"['TMEM167A', 'C1S', 'FYB1', 'IL2RA', 'CD226', 'CISD3', 'PATJ', 'GSE1', 'CD6', 'SETBP1', 'TNFRSF14', 'FOXP3', 'PDHB', 'FADS1', 'IGSF9B', 'PSMG1']"
42,Stim48hr,0.8053246013638803,0.8871337417935122,77,13.0,"['ALPK3', 'EXTL2', 'TNIP2', 'DCTD', 'CDYL2', 'IFITM2', 'USP24', 'GTF2A1', 'MKI67', 'CD226', 'LBH', 'TP53INP1', 'LITAF']"
42,Rest,0.9034079290620468,0.9014656173798056,100,18.0,"['KLF12', 'TNFRSF11A', 'FAF1', 'CD44', 'RNF168', 'IL2RA', 'HADH', 'EXTL2', 'ST8SIA4', 'CAMK4', 'IFITM2', 'PLCG2', 'MAX', 'SLA', 'PRDM1', 'ARID2', 'CDKN2C', 'KIF1B']"
15,Stim48hr,0.810941861743171,0.9113834608870286,100,17.0,"['JAK1', 'RYBP', 'CXCR4', 'IDI1', 'TMPRSS3', 'FADS2', 'SESN1', 'MCL1', 'CDKN1B', 'TOMM22', 'CCNC', 'TRIM22', 'ZMAT3', 'DARS1', 'MAT2B', 'SATB1', 'STAT3']"
45,Stim48hr,0.9961419318178818,0.9131941457741336,100,20.0,"['CCDC6', 'VAPB', 'LRCH4', 'LAG3', 'NUP205', 'MAN2A1', 'DNAJB4', 'SOCS1', 'GBGT1', 'NFKB1', 'CD2', 'CALHM6', 'CA11', 'JUND', 'SEPTIN9', 'TUBB3', 'VMP1', 'JAK2', 'CD37', 'TYMP']"
60,Stim8hr,1.259944015395877,0.9161648094663054,100,23.0,"['SEH1L', 'YPEL3', 'MAPKAPK5', 'ADAT2', 'ARPC5', 'DOCK2', 'RPIA', 'NCLN', 'OAS3', 'NCF4', 'RRP15', 'LSP1', 'WDR36', 'PNPO', 'ARPC2', 'HELZ2', 'NARF', 'ACAP1', 'C8orf33', 'DENND3', 'ARL6IP6', 'ACTR3', 'TYK2']"
102,Stim8hr,0.9166837712060996,0.91800659733612,100,18.0,"['RCN1', 'PTPN11', 'USO1', 'MX1', 'RFC3', 'ICAM3', 'PSAT1', 'CD69', 'CEBPB', 'NIF3L1', 'PHGDH', 'TMEM258', 'YRDC', 'TNF', 'ADO', 'METAP2', 'STAT1', 'VEGFA']"
37,Stim48hr,1.0614427641155346,0.936715695054094,100,21.0,"['RRAS2', 'ACTA2', 'TBC1D14', 'EZR', 'CALM2', 'IDUA', 'SLC39A8', 'ACTR1B', 'RSRP1', 'ST8SIA4', 'TPGS2', 'STAT4', 'NXPE3', 'AVEN', 'PTEN', 'GLUL', 'PTRHD1', 'TRIM22', 'ANKRD28', 'MIF', 'MYB']"
6,Stim8hr,1.3347063547071325,0.9385610358644358,100,24.0,"['HBS1L', 'TOMM22', 'CRIM1', 'RCN1', 'BRPF1', 'CALM2', 'DAP', 'CDC37', 'RIN3', 'ZNF704', 'EDARADD', 'PSMB9', 'C8orf33', 'GLUL', 'FHL3', 'SPTLC2', 'GLS', 'ALCAM', 'HK1', 'SLC7A1', 'TUFM', 'MKI67', 'PDIA3', 'SMC4']"
84,Rest,0.9034079290620468,0.940861057714388,100,18.0,"['MCM6', 'BHLHE40', 'YPEL3', 'SYTL2', 'RRM1', 'ITGAL', 'RASGRP1', 'TNFSF8', 'HNRNPAB', 'SESN1', 'CASP8', 'ARID5B', 'TRIM22', 'FEN1', 'TP53INP1', 'SATB1', 'ZMAT3', 'PSMG1']"
84,Stim48hr,1.12864359219222,0.9413406510993236,100,22.0,"['TNFSF8', 'CD6', 'SH2D2A', 'ZMAT3', 'DUSP5', 'SATB1', 'DRAM1', 'RPIA', 'LYST', 'CTLA4', 'PHGDH', 'CTSW', 'PSAT1', 'CDKN1A', 'CD2', 'FADS2', 'GNG2', 'PTGIR', 'SESN1', 'MCL1', 'CD3E', 'TRIM22']"
39,Stim8hr,0.7922603426204701,0.9455157953122034,100,16.0,"['AGO2', 'IRF8', 'CISD3', 'DCTD', 'BCL6', 'P2RY11', 'IL13', 'CDC42SE2', 'MUC1', 'FLI1', 'NLRC5', 'TRAFD1', 'CD83', 'ANKRD33B', 'FBXL17', 'SLC35B2']"
41,Rest,0.8410425730123802,0.9464319058785646,100,17.0,"['ILRUN', 'PPM1G', 'USO1', 'ACTR2', 'TMEM39A', 'BLM', 'C12orf75', 'RASGRP1', 'CDKN1A', 'PRDM1', 'LMNA', 'CX3CR1', 'LMAN1', 'PDIA3', 'ADGRG5', 'CCR2', 'ANXA6']"
59,Rest,1.3748227332455514,0.9478796673166016,101,25.0,"['ITGAM', 'STK17B', 'GAL3ST4', 'TIAM1', 'CD40LG', 'DOCK10', 'ZC3HAV1', 'MICOS10', 'KIAA1671', 'DUSP5', 'RSRP1', 'AGO2', 'CHD3', 'NELL2', 'ZFP36L2', 'COMMD7', 'ACVR2A', 'STMN3', 'MBNL1', 'ATP8B2', 'RBM33', 'PDE4D', 'SLC30A7', 'ZNF507', 'ZRANB2']"
31,Stim8hr,0.7325450591956414,0.9495078118468464,100,15.0,"['SOCS1', 'BHLHE40', 'FOXO1', 'NEDD9', 'PKIA', 'PHF3', 'DOCK10', 'NEK6', 'ANXA11', 'RNF144A', 'FNIP1', 'GPX4', 'AEN', 'CD28', 'GLUL']"
106,Rest,0.9034079290620468,0.9529256016890648,100,18.0,"['PCMTD1', 'YPEL3', 'PATJ', 'C12orf75', 'RRM1', 'PPP2R5C', 'FEN1', 'TNFSF8', 'LEF1', 'CASP8', 'CD37', 'KIF11', 'TRIM22', 'ARHGAP45', 'BIRC5', 'SMC4', 'RASA3', 'STK38']"
48,Stim8hr,0.6744153755868608,0.9541666780962628,100,14.0,"['RCN1', 'CBLB', 'PTGER4', 'KLF6', 'SLC7A1', 'GPATCH11', 'PDE4D', 'PHGDH', 'VLDLR', 'SGO1', 'HDGF', 'KIF11', 'RAB39B', 'VEGFA']"
102,Stim48hr,0.6404671227467051,0.9570838152275956,100,14.0,"['PTPRC', 'BHLHE40', 'IL10RA', 'SDF4', 'HIF1A', 'PRDM1', 'TUFM', 'MCL1', 'CD2', 'CD3E', 'SNRPC', 'CLEC2D', 'DUSP5', 'MAT2B']"
10,Stim48hr,0.8709578258023074,0.9600831850174956,100,18.0,"['NDUFV2', 'EXTL2', 'PSAT1', 'CEBPB', 'PXK', 'IKZF3', 'KIF21B', 'PDE4D', 'ETS1', 'CD2', 'PREX1', 'TSPAN3', 'GPD2', 'MUC1', 'IFI30', 'HDAC7', 'MAT2B', 'ORMDL3']"
110,Stim48hr,0.8709578258023074,0.9600831850174956,100,18.0,"['SMAD2', 'STAT5B', 'PFKFB3', 'HIPK1', 'RPIA', 'RYBP', 'RNF19A', 'RBPJ', 'EGR2', 'LSP1', 'MCL1', 'RAB5B', 'NCOR2', 'SNRPC', 'ICOS', 'IFNG', 'JUND', 'MIF']"
80,Stim8hr,0.9166837712060996,0.9645149228774512,100,18.0,"['RIN3', 'RPIA', 'SEH1L', 'ANXA2', 'FASLG', 'GZMB', 'DOCK9', 'C12orf75', 'EDARADD', 'TYMP', 'LMO4', 'NLRC5', 'GRAMD1B', 'BIRC5', 'IFNG', 'ATAD3B', 'MIF', 'STAT1']"
30,Stim8hr,0.9815172487392618,0.9661353664904748,100,19.0,"['SEH1L', 'YPEL3', 'BMP2K', 'OAS3', 'RRP15', 'LSP1', 'WDR36', 'PNPO', 'KMT2A', 'CDYL2', 'NARF', 'ACAP1', 'C8orf33', 'DENND3', 'RBM26', 'THAP12', 'TMEM131L', 'GLRX3', 'TYK2']"
79,Rest,0.9675497258064836,0.9661759273117102,100,19.0,"['PLAC8', 'BCL2L11', 'DNMT3A', 'ZMAT3', 'CX3CR1', 'SP110', 'SBF2', 'RNF144A', 'BIRC5', 'C12orf75', 'NFKBIZ', 'FOXP1', 'ANXA6', 'VEGFB', 'PTGIR', 'TCF7', 'CD37', 'TRIM22', 'SMC4']"
58,Stim8hr,0.7325450591956414,0.972544774028124,100,15.0,"['MBD2', 'PRKCB', 'RFX3', 'RBM17', 'STK24', 'SLC48A1', 'SDF2L1', 'AKAP11', 'BCL2L11', 'NFKBIA', 'ACTR1B', 'ZRANB2', 'UQCC2', 'PNPO', 'VEGFA']"
21,Stim8hr,0.8536195289087174,0.972544774028124,100,17.0,"['TMEM50A', 'ARHGAP15', 'SAMHD1', 'SMAD3', 'HCLS1', 'IKBKE', 'KLF6', 'OAS3', 'SLC43A3', 'STK17B', 'IL10RA', 'RASGRP1', 'TUFM', 'HNRNPAB', 'ACAP1', 'METAP2', 'CXCR4']"
105,Stim8hr,1.1873243508645963,0.9749153005186844,100,22.0,"['CBLB', 'CCDC6', 'TNFSF8', 'KIF11', 'CISD3', 'ARGLU1', 'SLA', 'BIRC5', 'ATAD3B', 'SPC24', 'CD44', 'C12orf75', 'CDC42EP3', 'ARID5B', 'MYC', 'PHF19', 'JAK2', 'MKI67', 'NDC80', 'TUFM', 'SPRY1', 'SMC4']"
99,Stim8hr,0.9815172487392618,0.9749153005186844,100,19.0,"['RCC1', 'STK17B', 'RAB5B', 'ZMAT3', 'STAT3', 'PCMTD1', 'SMAD3', 'HCLS1', 'AKAP13', 'ELF1', 'PPM1G', 'SLC43A3', 'HSPA9', 'HNRNPAB', 'BHLHE40', 'IL10RA', 'KLF6', 'SESN1', 'ADA2']"
33,Stim8hr,0.9815172487392618,0.9753820096696276,100,19.0,"['VLDLR', 'CTH', 'UFM1', 'GRINA', 'PHGDH', 'ODC1', 'VEGFA', 'CHD3', 'RBM17', 'ANXA3', 'KIF2A', 'PSAT1', 'FADS2', 'SNX20', 'VEGFB', 'ALCAM', 'SLC7A1', 'HDGF', 'FADS1']"
98,Stim8hr,0.7922603426204701,0.9753820096696276,100,16.0,"['EIF2AK3', 'PRKCB', 'GZMB', 'TGIF1', 'STAT4', 'PTGIR', 'PDE4D', 'TUFM', 'GOLIM4', 'CSK', 'UFM1', 'TRAT1', 'SH2D2A', 'ATAD3B', 'IFNAR2', 'CD47']"
33,Rest,1.0335358950276998,0.9771153964216336,100,20.0,"['ITGAM', 'UFM1', 'DR1', 'ARPC5', 'GALNT3', 'PHGDH', 'CX3CR1', 'FLI1', 'ADGRG5', 'VEGFA', 'RIN3', 'CHD3', 'ANXA3', 'C12orf75', 'PSAT1', 'TNIP1', 'ANXA6', 'SNX20', 'ATP5MG', 'SLC7A1']"
101,Stim8hr,0.9815172487392618,0.981605152999613,100,19.0,"['CBLB', 'KIF11', 'ADAT2', 'IFNAR2', 'PCMTD1', 'BIRC5', 'CD109', 'ATXN1', 'FAM53B', 'RRM1', 'TNFAIP8', 'CD2', 'FOXP1', 'STAT5B', 'REXO2', 'CD3E', 'CD28', 'TRIM22', 'SMC4']"
7,Stim8hr,0.6744153755868608,0.9819301569925282,100,14.0,"['CHD3', 'EDEM2', 'XKR6', 'PTS', 'CALM2', 'MAPKAPK5', 'RRP15', 'IL12RB2', 'ZAP70', 'SNRPC', 'C8orf33', 'MECP2', 'USP25', 'MTRR']"
91,Rest,0.6639733501139057,0.982027441190214,100,14.0,"['PCMTD1', 'TNFAIP3', 'YPEL3', 'STK17B', 'TNFSF8', 'HNRNPAB', 'SESN1', 'CASP8', 'CLEC2D', 'TRIM22', 'ZMAT3', 'ADA2', 'SATB1', 'PSMG1']"
90,Stim48hr,0.7525601067608785,0.9903745571786824,100,16.0,"['TRIM14', 'ANKZF1', 'TNFAIP3', 'SEC24A', 'DUSP16', 'CALM2', 'GSE1', 'NUDT3', 'PKIA', 'PDE4D', 'EIF4H', 'LMAN1', 'IPMK', 'NLRC5', 'AK4', 'VEGFA']"
2,Stim8hr,0.6178156750042831,0.9961846186563286,100,13.0,"['CHD3', 'PTPN22', 'ATP5MK', 'PVR', 'PEX3', 'PANK3', 'CCNC', 'LNPK', 'MICOS10', 'PDCD5', 'CD3E', 'KIAA1671', 'CHPT1']"
46,Stim48hr,1.1978196174537596,0.9992154399945924,100,23.0,"['PITPNM2', 'EPAS1', 'RALBP1', 'USP13', 'ANKRD33B', 'RASA3', 'LAT2', 'SEC61G', 'TRABD2A', 'TXK', 'NKTR', 'ABTB3', 'SRPK1', 'RCOR1', 'AAK1', 'CDKN2C', 'VEGFB', 'CASP10', 'SP140L', 'C1QTNF6', 'ATP2A2', 'B4GALT4', 'USP12']"
68,Stim48hr,0.8709578258023074,1.0,100,18.0,"['PMAIP1', 'ANXA3', 'ICAM3', 'PHF19', 'DDX6', 'FADS2', 'ITM2A', 'SESN1', 'MCL1', 'CD2', 'RBM33', 'CD3E', 'ZMAT3', 'UQCC2', 'DUSP5', 'SATB1', 'PLEC', 'GALNT10']"
67,Stim48hr,,1.0,4,,[]
77,Stim48hr,0.6404671227467051,1.0,100,14.0,"['PTPRC', 'YPEL3', 'SYTL2', 'IKBKE', 'CHORDC1', 'MEAK7', 'TUFM', 'HNRNPAB', 'MCL1', 'STRAP', 'TOMM22', 'ST3GAL1', 'ACAP1', 'LNPEP']"
99,Stim48hr,1.1978196174537596,1.0,100,23.0,"['YPEL3', 'ADGRE5', 'PSMG1', 'GART', 'FYB1', 'OAS3', 'ITM2A', 'TRAFD1', 'ODC1', 'TP53INP1', 'ICAM3', 'PSAT1', 'HSPA9', 'ST3GAL1', 'IL10RA', 'SYTL2', 'SLC7A1', 'TUFM', 'CDC42SE2', 'MCL1', 'ZC3H15', 'TOMM22', 'ORMDL3']"
98,Stim48hr,0.5866465284717823,1.0,100,13.0,"['DENND3', 'STARD10', 'YPEL3', 'CUTA', 'PSAT1', 'SPEF2', 'LSP1', 'MCL1', 'ZC3H15', 'CCNC', 'PSD4', 'STAT3', 'NBL1']"
101,Stim48hr,0.5866465284717823,1.0,100,13.0,"['YPEL3', 'GSDMB', 'CXCR4', 'FAS', 'CDKN1A', 'ATP2A2', 'SESN1', 'MCL1', 'CLEC2D', 'TRIM22', 'ZMAT3', 'IL2', 'SATB1']"
109,Stim48hr,0.5866465284717823,1.0,100,13.0,"['BHLHE40', 'YPEL3', 'PPP1R3B', 'TMPRSS3', 'ATP2A2', 'HNRNPAB', 'MCL1', 'PHF3', 'TOMM22', 'CD226', 'FEN1', 'CXCR4', 'STAT3']"
107,Stim48hr,0.6328341045475724,1.0,101,14.0,"['ACTR1B', 'HELZ', 'YPEL3', 'CUTA', 'ACAP1', 'HNRNPAB', 'MCL1', 'RAB5B', 'CD3E', 'TOMM22', 'CD5', 'CXCR4', 'STAT3', 'ARAP1']"
87,Stim48hr,0.7525601067608785,1.0,100,16.0,"['RRAS2', 'ACTA2', 'PCMTD1', 'DRAM1', 'PSMG1', 'LYST', 'PSAT1', 'CDKN1A', 'SLC39A8', 'SESN1', 'MYB', 'TRIM22', 'ZMAT3', 'AEBP2', 'CXCR4', 'LITAF']"
96,Stim48hr,0.6404671227467051,1.0,100,14.0,"['ACTA2', 'PCMTD1', 'RBPJ', 'CUTA', 'LYST', 'PTGIR', 'CDKN1A', 'PSMG1', 'PSAT1', 'CD3E', 'TRIM22', 'ZMAT3', 'LITAF', 'ORMDL3']"
95,Stim48hr,0.5866465284717823,1.0,100,13.0,"['FYB1', 'VEGFB', 'TMEM39A', 'PSAT1', 'LEF1', 'SLC7A1', 'CTH', 'NLRC5', 'TRIM22', 'ANXA11', 'CREM', 'CXCR4', 'LITAF']"
41,Stim48hr,0.6404671227467051,1.0,100,14.0,"['ERAP1', 'PPM1G', 'ACTR2', 'DUSP16', 'C12orf75', 'SDF2L1', 'LMNA', 'KDELR2', 'LMAN1', 'PDIA3', 'USP12', 'CDK6', 'NCALD', 'DAP']"
17,Stim48hr,0.5342411088061686,1.0,100,12.0,"['IL2RA', 'MAD1L1', 'BLM', 'ZNF568', 'PSAT1', 'ZNF254', 'PERP', 'UBAC1', 'ETS1', 'PHGDH', 'TOMM22', 'CCDC34']"
21,Stim48hr,0.9961419318178818,1.0,100,20.0,"['KRAS', 'ARHGAP45', 'FYB1', 'OAS3', 'TRAFD1', 'ODC1', 'MX1', 'IL9', 'PSAT1', 'GNL3', 'ST3GAL1', 'SRPK1', 'SYNE2', 'IL10RA', 'TUFM', 'CDC42SE2', 'MCL1', 'MAPK1', 'ZC3H15', 'ADA2']"
24,Stim48hr,0.3378297347721928,1.0,100,8.0,"['TCTA', 'VMP1', 'XRCC2', 'CUTA', 'FUBP1', 'RANBP6', 'RSRP1', 'TXNDC11']"
109,Stim8hr,0.8536195289087174,1.0,100,17.0,"['CARD11', 'OS9', 'FAF1', 'SEH1L', 'VMP1', 'RCC1', 'CALM2', 'CDKN3', 'JARID2', 'TRIB1', 'WDR36', 'KIF11', 'TSC22D2', 'CD3E', 'PNPO', 'SMIM14', 'RIT1']"
6,Stim48hr,0.6957538512595126,1.0,100,15.0,"['RRAS2', 'CDC37', 'BRPF1', 'LCP1', 'SEH1L', 'USO1', 'RPIA', 'RAB5C', 'ATP5MG', 'CUTA', 'ZMYM4', 'CDKAL1', 'ZNF830', 'NCALD', 'TMED5']"
0,Stim48hr,0.5866465284717823,1.0,100,13.0,"['ELP6', 'CHD3', 'FYB1', 'SEH1L', 'FOCAD', 'SPC24', 'PKIA', 'KIF21B', 'SGF29', 'HMGN1', 'ITM2A', 'SNRPC', 'CA11']"
2,Stim48hr,0.4334833090142952,1.0,100,10.0,"['TNPO3', 'ATP5MK', 'BCL6', 'LEF1', 'TIMM21', 'THAP12', 'VAPA', 'MICOS10', 'ACTN1', 'UBASH3A']"
28,Stim48hr,0.7525601067608785,1.0,100,16.0,"['RYBP', 'CXCR4', 'BCL6', 'C12orf75', 'TMPRSS3', 'FADS2', 'HNRNPAB', 'SESN1', 'MCL1', 'CDKN1B', 'CCNC', 'TRIM22', 'ZMAT3', 'MAT2B', 'SATB1', 'STAT3']"
63,Stim48hr,0.932669614652807,1.0,100,19.0,"['ATP8B4', 'KIF21B', 'NPEPPS', 'GRAMD1B', 'ITGAV', 'ABCB1', 'SPNS3', 'IAH1', 'LYST', 'PHGDH', 'SLC35B2', 'LITAF', 'CHN1', 'SLC43A3', 'NFKB1', 'CDYL2', 'PSAT1', 'PTPRK', 'PTPN11']"
58,Stim48hr,0.8709578258023074,1.0,100,18.0,"['PPM1G', 'JAK1', 'SDF2L1', 'IDI1', 'TMPRSS3', 'FADS2', 'HNRNPAB', 'SESN1', 'HINT1', 'MCL1', 'CCNC', 'CDKN1B', 'CD3E', 'FEN1', 'TOMM22', 'MAT2B', 'CXCR4', 'STAT3']"
33,Stim48hr,0.6404671227467051,1.0,100,14.0,"['ANXA3', 'FOXO1', 'ATP5MK', 'KIF2A', 'CUTA', 'PHF19', 'C12orf75', 'STAT4', 'ITM2A', 'PHGDH', 'IGF1R', 'FADS2', 'CDK6', 'DR1']"
36,Stim48hr,0.932669614652807,1.0,100,19.0,"['SDF2L1', 'HINT1', 'CARMIL2', 'KCTD20', 'AHR', 'IMMP2L', 'CEMIP2', 'RSRP1', 'CDC37', 'TESPA1', 'C12orf75', 'ITPR1', 'AVEN', 'DARS1', 'KIF1B', 'MBD2', 'PTRHD1', 'GLRX3', 'MIF']"
8,Rest,0.8410425730123802,1.0,100,17.0,"['TRIM14', 'PGD', 'FUT8', 'HCLS1', 'ITGAM', 'HDAC4', 'ARPC2', 'FAS', 'IFITM2', 'TNIP1', 'PLAC8', 'CDC42SE2', 'FLI1', 'CCNC', 'IL10RB', 'CLEC2D', 'RSRP1']"
6,Rest,1.1410437714244492,1.0,102,22.0,"['RALY', 'RCC1', 'CASP8', 'RCN1', 'BRPF1', 'LCP1', 'PHGDH', 'NCALD', 'CUTA', 'PSAT1', 'PSMB9', 'PRPS2', 'CA11', 'GLUL', 'ANXA6', 'FHL3', 'SPTLC2', 'LRRC57', 'MKI67', 'C1orf21', 'PDIA3', 'CARD11']"
7,Rest,0.5007372101170298,1.0,100,11.0,"['EDEM2', 'LCP1', 'ACTR2', 'ZMIZ1', 'C12orf75', 'IKZF1', 'DRAM2', 'CDKN1A', 'MKI67', 'USP25', 'ANXA6']"
22,Rest,1.1804067672162246,1.0,9,2.0,"['CCR5', 'TLR1']"
17,Rest,0.6639733501139057,1.0,100,14.0,"['LRRC58', 'ZFP90', 'MAD1L1', 'MAGI3', 'ZNF568', 'PHF19', 'SLC43A3', 'ZNF254', 'PERP', 'UBAC1', 'ETS1', 'CYLD', 'PLEC', 'GLUL']"
2,Rest,0.5537015037900869,1.0,100,12.0,"['TNPO3', 'CHD3', 'PTPN22', 'PDK1', 'CUTA', 'PCYOX1L', 'SH3YL1', 'CCNC', 'HS2ST1', 'MICOS10', 'MTIF3', 'ANXA6']"
0,Rest,0.5537015037900869,1.0,100,12.0,"['CD44', 'CA11', 'CDC73', 'KPTN', 'CLYBL', 'KIF21B', 'SGO2', 'CARD6', 'MUC1', 'NRDC', 'CARD11', 'NINJ2']"
10,Stim8hr,0.7325450591956414,1.0,100,15.0,"['WDR41', 'TRANK1', 'DUSP22', 'RBM17', 'RCC1', 'STAT4', 'CUTA', 'ADA2', 'TUFM', 'ETS1', 'MUC1', 'C1orf174', 'GPD2', 'C8orf33', 'CD109']"
15,Stim8hr,0.7922603426204701,1.0,100,16.0,"['MBNL1', 'TRAF1', 'PRKCB', 'FAF1', 'ACTR1B', 'HADH', 'VMP1', 'ZRANB2', 'AKAP11', 'MARCHF7', 'KPNB1', 'BCL2L11', 'CRIM1', 'NRDC', 'DOT1L', 'ATAD3B']"
9,Stim8hr,0.6744153755868608,1.0,100,14.0,"['WDR41', 'ARPC5', 'RBM17', 'RCC1', 'CUTA', 'TUFM', 'ETS1', 'SERTAD2', 'MUC1', 'GPD2', 'ADPRH', 'ADA2', 'MIF', 'PRXL2C']"
0,Stim8hr,0.3559899673300612,1.0,100,8.0,"['FYB1', 'SEH1L', 'CDC73', 'ENTR1', 'CALM2', 'SGF29', 'COMMD1', 'SLC35B2']"
24,Stim8hr,0.6178156750042831,1.0,100,13.0,"['NRDC', 'EPAS1', 'IL2RA', 'VMP1', 'CALM2', 'GVQW3', 'ZNF594', 'DMAC1', 'NR1H3', 'FUBP1', 'FOXP3', 'ZRANB2', 'ODC1']"
17,Stim8hr,0.4566774624599872,1.0,100,10.0,"['RERE', 'RCC1', 'IRF4', 'SLC43A3', 'LEF1', 'UBAC1', 'ELMO1', 'SRPK1', 'ZNF808', 'PLEC']"
105,Rest,0.9675497258064836,1.0,100,19.0,"['SGO1', 'KIF11', 'STK38', 'PCMTD1', 'TRANK1', 'BIRC5', 'RASSF3', 'SAMHD1', 'RRM1', 'ARID5B', 'TNFRSF14', 'RENBP', 'IL10RA', 'PRKCQ', 'MKI67', 'CD37', 'CTSS', 'NLRC5', 'SMC4']"
101,Rest,0.6639733501139057,1.0,100,14.0,"['RASSF3', 'OS9', 'NOP58', 'YPEL3', 'RCC1', 'SLC44A2', 'CASP8', 'MED15', 'CD3E', 'CTSS', 'TP53INP1', 'ADA2', 'MIF', 'STK38']"
102,Rest,0.585601252176633,1.0,48,6.0,"['VEGFB', 'PSAT1', 'PHGDH', 'LMAN1', 'PDIA3', 'VEGFA']"
111,Rest,0.7213854819268483,1.0,100,15.0,"['SOCS1', 'AGO2', 'ARPC2', 'C12orf75', 'IFITM2', 'LMNA', 'CD274', 'SERTAD2', 'MUC1', 'DHCR7', 'FADS2', 'DUSP5', 'FADS1', 'STAT1', 'TBX21']"
110,Rest,1.0324041355434908,1.0,5,1.0,['RNF145']
107,Rest,1.5932123224752288,1.0,18,5.0,"['DPP4', 'KIF2A', 'KLF6', 'ITFG1', 'RSRP1']"
68,Stim8hr,0.7325450591956414,1.0,100,15.0,"['PMAIP1', 'SPNS3', 'SPC24', 'PSAT1', 'SLC7A1', 'PXK', 'KIF21B', 'VLDLR', 'CTH', 'PHGDH', 'CSK', 'HDGF', 'BIRC5', 'TMSB4X', 'VEGFA']"
67,Stim8hr,0.7922603426204701,1.0,100,16.0,"['CD44', 'MYC', 'RNF114', 'DPP4', 'KLF6', 'PSAT1', 'LRIG2', 'TNFSF8', 'ERN1', 'CTH', 'NFKBIZ', 'SLC30A7', 'CLEC2D', 'GADD45G', 'FEN1', 'ZBTB21']"
41,Stim8hr,0.5626928742394659,1.0,100,12.0,"['TNFRSF11A', 'PPM1G', 'RBM17', 'TMEM39A', 'SEC61G', 'PDIA3', 'BATF', 'HDGF', 'LMAN1', 'GRAMD1B', 'ADGRG5', 'TMED5']"
37,Stim8hr,0.9166837712060996,1.0,100,18.0,"['TRIM14', 'IL10', 'CHD3', 'SLU7', 'CD44', 'PTRHD1', 'CDC73', 'CISD3', 'TRABD2A', 'INTS15', 'YTHDF3', 'TUFM', 'CSK', 'SAT1', 'GYPC', 'MYLIP', 'SEPTIN9', 'RSRP1']"
42,Stim8hr,0.8536195289087174,1.0,100,17.0,"['TNFRSF11A', 'TLE4', 'RCC1', 'EXTL2', 'IFITM2', 'SLC12A7', 'HIF1A', 'CDKN1A', 'PLCG2', 'TIAM1', 'JAK2', 'SERTAD2', 'CSK', 'FUBP1', 'WDR36', 'NXPE3', 'ANXA6']"
45,Stim8hr,0.7922603426204701,1.0,100,16.0,"['TRAF1', 'PMAIP1', 'RAVER1', 'STK24', 'IAH1', 'PHLDA1', 'RYBP', 'SAMHD1', 'C12orf75', 'HIVEP3', 'MAN2A1', 'ATP2A2', 'CD3E', 'SAT1', 'GALNT10', 'JUND']"
39,Rest,0.9675497258064836,1.0,100,19.0,"['GSE1', 'KLF12', 'FYB1', 'CISD3', 'BCL6', 'TMEM116', 'MUC1', 'CX3CR1', 'UQCC2', 'ARMC12', 'PSMB9', 'FBXL17', 'PATJ', 'CLUAP1', 'MARCHF7', 'AKT3', 'IFI30', 'TCEA2', 'CHD6']"
37,Rest,1.0335358950276998,1.0,100,20.0,"['INTS15', 'CASP8', 'EZR', 'ARHGAP45', 'STAT1', 'SMCHD1', 'GPR183', 'MAP4K2', 'BCL6', 'TSPAN3', 'RSRP1', 'PTTG1', 'CHD3', 'ICAM3', 'TRABD2A', 'ZSWIM6', 'MYC', 'PTRHD1', 'DRAM2', 'RASGRP1']"
45,Rest,0.9675497258064836,1.0,100,19.0,"['CCDC6', 'HINT1', 'CHST2', 'SH2D2A', 'NFKBIA', 'GZMB', 'BCL6', 'SLA', 'UQCC2', 'PRAG1', 'TRAF1', 'TNFAIP8', 'ICAM1', 'MYC', 'ATP5MG', 'ITGAL', 'ITGAX', 'PDE7A', 'IL7R']"
64,Rest,0.9675497258064836,1.0,100,19.0,"['ACTA2', 'STK17B', 'PPP2R5C', 'TNFSF8', 'RAB5B', 'UFM1', 'CASP8', 'KIF11', 'FEN1', 'PCMTD1', 'CX3CR1', 'KDM4C', 'CXCR4', 'ZNF644', 'PXK', 'SESN1', 'SGO2', 'TUT7', 'ADA2']"
51,Rest,0.6080965225948239,1.0,100,13.0,"['RRAS2', 'TMBIM1', 'MYC', 'VEGFB', 'C12orf75', 'SLC7A1', 'CDKN1A', 'RASGRP1', 'PHGDH', 'CCR5', 'RNF144A', 'VEGFA', 'ANXA6']"
28,Rest,0.9675497258064836,1.0,100,19.0,"['ZFP90', 'SDF2L1', 'USP25', 'ZMYM2', 'SLC48A1', 'CAST', 'PARK7', 'RNF144A', 'NR3C1', 'RASA3', 'M6PR', 'ACAP1', 'ATG16L2', 'LNPEP', 'SYTL2', 'ATP5MG', 'MARCHF7', 'ITPKB', 'TOMM22']"
24,Rest,0.5007372101170298,1.0,100,11.0,"['TCTA', 'ANXA4', 'VMP1', 'GVQW3', 'ZNF594', 'CUTA', 'FUBP1', 'ZC2HC1A', 'ZRANB2', 'RANBP6', 'XRCC2']"
26,Rest,0.8410425730123802,1.0,100,17.0,"['PCMTD1', 'UBL3', 'MYC', 'TXK', 'KIF20B', 'ERN1', 'BCL2L11', 'NDC80', 'MKI67', 'CIT', 'NUDT1', 'KIF11', 'SGO2', 'SGO1', 'NEIL3', 'SMC4', 'CD37']"
36,Rest,,1.0,5,,[]
32,Rest,0.8410425730123802,1.0,100,17.0,"['GRINA', 'SOCS1', 'VEGFB', 'ATP8B4', 'ITGAM', 'STIM1', 'CUTA', 'FAM53B', 'KLF3', 'SKAP1', 'TIAM1', 'GFI1', 'CCR5', 'PREX1', 'CX3CR1', 'SYNE2', 'LNPEP']"
34,Rest,1.0335358950276998,1.0,100,20.0,"['ITGAM', 'FAS', 'PLAC8', 'IL10RB', 'ARPC5', 'HCLS1', 'HDAC4', 'SP110', 'FLI1', 'CLEC2D', 'ARPC2', 'RSRP1', 'TRIM14', 'FUT8', 'IFITM2', 'TNIP1', 'CCNC', 'IKBKE', 'CDC42SE2', 'PGD']"
96,Rest,0.780388969259458,1.0,100,16.0,"['PCMTD1', 'BHLHE40', 'PTGER4', 'SEH1L', 'TNFAIP3', 'YPEL3', 'SYTL2', 'SESN1', 'CD2', 'AMD1', 'CLEC2D', 'UQCC2', 'GRAMD1B', 'ZMAT3', 'TP53INP1', 'MIF']"
93,Rest,0.6866509613144901,1.0,21,3.0,"['IKZF4', 'CCR2', 'OSBPL9']"
94,Rest,1.1713305428953682,1.0,100,22.0,"['ITGAM', 'STK17B', 'CD40LG', 'CASP8', 'CEP128', 'SPNS3', 'DOCK9', 'SLC12A7', 'SLA', 'PHGDH', 'CX3CR1', 'CTSW', 'TP53INP1', 'GPR65', 'PPM1G', 'C12orf75', 'PSAT1', 'ZFP36L2', 'VEGFB', 'KLF6', 'CCR5', 'TSHR']"
100,Rest,0.6639733501139057,1.0,100,14.0,"['GRINA', 'PCMTD1', 'PTTG1', 'BHLHE40', 'ANXA2', 'GFI1', 'SESN1', 'MKI67', 'SERTAD2', 'AMD1', 'ITPKB', 'KIF11', 'BIRC5', 'ZMAT3']"
97,Rest,1.0329305553290773,1.0,50,10.0,"['ARL4C', 'PHF19', 'MIER1', 'CDKN1A', 'CASP8', 'SP110', 'AEN', 'ZMAT3', 'KIAA1671', 'NBL1']"
99,Rest,0.9034079290620468,1.0,100,18.0,"['PCMTD1', 'BHLHE40', 'YPEL3', 'TRIM22', 'SLC43A3', 'C12orf75', 'IFITM2', 'RRM1', 'TNFSF8', 'GINS2', 'CASP8', 'ACAP1', 'FEN1', 'ADA2', 'SATB1', 'ZMAT3', 'LNPEP', 'PCSK5']"
76,Rest,0.8410425730123802,1.0,100,17.0,"['TNFRSF11A', 'VMP1', 'LAT2', 'NEDD9', 'RNF19A', 'FAS', 'ZC2HC1A', 'HCFC1', 'MAN2A1', 'HNRNPAB', 'CASP8', 'TNFRSF14', 'CD80', 'DOT1L', 'DUSP5', 'SMC4', 'CXCR4']"
68,Rest,0.6639733501139057,1.0,100,14.0,"['PTTG1', 'SPNS3', 'CD44', 'ANXA3', 'PSAT1', 'SLC7A1', 'VLDLR', 'LMNA', 'PHGDH', 'CCR5', 'CSK', 'HDGF', 'FADS2', 'VEGFA']"
88,Rest,0.7213854819268483,1.0,100,15.0,"['PCMTD1', 'YPEL3', 'TRIM22', 'RRM1', 'TNFSF8', 'GINS2', 'CASP8', 'CD3E', 'NLRC5', 'ACAP1', 'FEN1', 'TP53INP1', 'ADA2', 'RASA3', 'ZMAT3']"
85,Rest,0.6502393527035905,1.0,22,3.0,"['ABHD4', 'RHBDF2', 'MIF']"
